#include "Font/FontAtlas.h"

GlyphRect g_FontGlyphs[128];

unsigned char g_FontAtlasPixels[] =
{
    0x00, 0x00, 0x00, 0x00, 0x00, 0x00, 0x00, 0x00, 0x00, 0x00, 0x00, 0x00,
    0x00, 0x00, 0x00, 0x00, 0x00, 0x00, 0x00, 0x00, 0x00, 0x00, 0x00, 0x00,
    0x00, 0x00, 0x00, 0x00, 0x00, 0x00, 0x00, 0x00, 0x00, 0x00, 0x00, 0x00,
    0x00, 0x00, 0x00, 0x00, 0x00, 0x00, 0x00, 0x00, 0x00, 0x00, 0x00, 0x00,
    0x00, 0x00, 0x00, 0x00, 0x00, 0x00, 0x00, 0x00, 0x00, 0x00, 0x00, 0x00,
    0x00, 0x00, 0x00, 0x00, 0x00, 0x00, 0x00, 0x00, 0x00, 0x00, 0x00, 0x00,
    0x00, 0x00, 0x00, 0x00, 0x00, 0x00, 0x00, 0x00, 0x00, 0x00, 0x00, 0x00,
    0x00, 0x00, 0x00, 0x00, 0x00, 0x00, 0x00, 0x00, 0x00, 0x00, 0x00, 0x00,
    0x00, 0x00, 0x00, 0x00, 0x00, 0x00, 0x00, 0x00, 0x00, 0x00, 0x00, 0x00,
    0x00, 0x00, 0x00, 0x00, 0x00, 0x00, 0x00, 0x00, 0x00, 0x00, 0x00, 0x00,
    0x00, 0x00, 0x00, 0x00, 0x00, 0x00, 0x00, 0x00, 0x00, 0x00, 0x00, 0x00,
    0x00, 0x00, 0x00, 0x00, 0x00, 0x00, 0x00, 0x00, 0x00, 0x00, 0x00, 0x00,
    0x00, 0x00, 0x00, 0x00, 0x00, 0x00, 0x00, 0x00, 0x00, 0x00, 0x00, 0x00,
    0x00, 0x00, 0x00, 0x00, 0x00, 0x00, 0x00, 0x00, 0x00, 0x00, 0x00, 0x00,
    0x00, 0x00, 0x00, 0x00, 0x00, 0x00, 0x00, 0x00, 0x00, 0x00, 0x00, 0x00,
    0x00, 0x00, 0x00, 0x00, 0x00, 0x00, 0x00, 0x00, 0x00, 0x00, 0x00, 0x00,
    0x00, 0x00, 0x00, 0x00, 0x00, 0x00, 0x00, 0x00, 0x00, 0x00, 0x00, 0x00,
    0x00, 0x00, 0x00, 0x00, 0x00, 0x00, 0x00, 0x00, 0x00, 0x00, 0x00, 0x00,
    0x00, 0x00, 0x00, 0x00, 0x00, 0x00, 0x00, 0x00, 0x00, 0x00, 0x00, 0x00,
    0x00, 0x00, 0x00, 0x00, 0x00, 0x00, 0x00, 0x00, 0x00, 0x00, 0x00, 0x00,
    0x00, 0x00, 0x00, 0x00, 0x00, 0x00, 0x00, 0x00, 0x00, 0x00, 0x00, 0x00,
    0x00, 0x00, 0x00, 0x00, 0x00, 0x00, 0x00, 0x00, 0x00, 0x00, 0x00, 0x00,
    0x00, 0x00, 0x00, 0x00, 0x00, 0x00, 0x00, 0x00, 0x00, 0x00, 0x00, 0x00,
    0x00, 0x00, 0x00, 0x00, 0x00, 0x00, 0x00, 0x00, 0x00, 0x00, 0x00, 0x00,
    0x00, 0x00, 0x00, 0x00, 0x00, 0x00, 0x00, 0x00, 0x00, 0x00, 0x00, 0x00,
    0x00, 0x00, 0x00, 0x00, 0x00, 0x00, 0x00, 0x00, 0x00, 0x00, 0x00, 0x00,
    0x00, 0x00, 0x00, 0x00, 0x00, 0x00, 0x00, 0x1d, 0x7d, 0x00, 0x00, 0x00,
    0x00, 0x00, 0x00, 0x00, 0x00, 0x00, 0x00, 0x00, 0x00, 0x00, 0x00, 0x00,
    0x00, 0x00, 0x00, 0x00, 0x00, 0x00, 0x00, 0x00, 0x00, 0x00, 0x00, 0x00,
    0x00, 0x00, 0x00, 0x00, 0x00, 0x00, 0x00, 0x00, 0x00, 0x00, 0x00, 0x00,
    0x00, 0x00, 0x00, 0x00, 0x00, 0x00, 0x00, 0x00, 0x00, 0x00, 0x00, 0x00,
    0x00, 0x00, 0x00, 0x00, 0x00, 0x00, 0x00, 0x00, 0x00, 0x00, 0x00, 0x00,
    0x00, 0x00, 0x00, 0x00, 0x00, 0x00, 0x00, 0x00, 0x00, 0x00, 0x00, 0x00,
    0x00, 0x00, 0x00, 0x00, 0x00, 0x00, 0x00, 0x00, 0x00, 0x00, 0x00, 0x00,
    0x00, 0x00, 0x00, 0x00, 0x01, 0x67, 0x00, 0x5f, 0xab, 0x5a, 0x00, 0x6a,
    0xac, 0x4f, 0x00, 0x19, 0x00, 0x01, 0x18, 0x00, 0x00, 0x60, 0xd2, 0x37,
    0x00, 0x00, 0x00, 0x00, 0x00, 0x00, 0x00, 0x00, 0x00, 0x00, 0x01, 0x8f,
    0xbf, 0x1a, 0x06, 0xdb, 0x4f, 0x00, 0x00, 0x19, 0x91, 0x00, 0x00, 0x00,
    0x6a, 0x54, 0x00, 0x00, 0x00, 0x00, 0x35, 0xeb, 0xd7, 0x32, 0x00, 0x00,
    0x00, 0x00, 0x00, 0x5e, 0xe0, 0xaa, 0x0c, 0x00, 0x00, 0x00, 0x00, 0x00,
    0x00, 0x00, 0x00, 0x00, 0x00, 0x00, 0x00, 0x00, 0x0d, 0x79, 0xcc, 0x67,
    0x00, 0x00, 0x00, 0x05, 0x9b, 0x1b, 0x3b, 0xd0, 0x73, 0x0a, 0x00, 0x00,
    0x00, 0x0f, 0x86, 0xe7, 0x99, 0x02, 0x00, 0x00, 0x00, 0x00, 0x00, 0x00,
    0x00, 0x00, 0x00, 0x00, 0x00, 0x00, 0x00, 0x00, 0x00, 0x00, 0x00, 0x00,
    0x00, 0x00, 0x00, 0x00, 0x00, 0x0a, 0x6b, 0xa1, 0x95, 0x59, 0x00, 0x00,
    0x69, 0xfe, 0x7f, 0x96, 0x90, 0xf6, 0x8a, 0x90, 0x9a, 0xf0, 0x77, 0xf8,
    0x17, 0x91, 0xec, 0x09, 0x02, 0x6f, 0xe2, 0xd2, 0x00, 0x00, 0x00, 0x00,
    0x00, 0x00, 0x00, 0x00, 0x00, 0x00, 0x6c, 0x4f, 0xa9, 0xa5, 0x40, 0xf1,
    0x08, 0x00, 0x00, 0x77, 0xff, 0x38, 0x00, 0x17, 0xd0, 0xa2, 0x00, 0x00,
    0x00, 0x2a, 0x84, 0x5d, 0xe2, 0xe5, 0x09, 0x00, 0x00, 0x00, 0x55, 0x72,
    0x33, 0xe0, 0x9f, 0x00, 0x00, 0x00, 0x00, 0x00, 0x00, 0x00, 0x00, 0x00,
    0x00, 0x00, 0x00, 0x00, 0x94, 0x23, 0x55, 0xef, 0x06, 0x00, 0x00, 0x4a,
    0xfd, 0xc0, 0x98, 0xa6, 0xf0, 0xb7, 0x00, 0x00, 0x05, 0x9f, 0x71, 0x7c,
    0xfd, 0x5e, 0x00, 0x00, 0x00, 0x00, 0x00, 0x00, 0x00, 0x00, 0x00, 0x00,
    0x00, 0x00, 0x00, 0x00, 0x00, 0x00, 0x00, 0x00, 0x00, 0x00, 0x00, 0x00,
    0x3e, 0x78, 0x37, 0x11, 0x5f, 0xdc, 0x72, 0x00, 0x05, 0xfb, 0xa5, 0x00,
    0x01, 0xf8, 0xb4, 0x00, 0x0a, 0xff, 0x34, 0xf8, 0x7e, 0x48, 0xfe, 0x64,
    0x00, 0x00, 0x57, 0xff, 0x00, 0x00, 0x00, 0x00, 0x00, 0x00, 0x00, 0x00,
    0x00, 0x00, 0xbf, 0x15, 0x29, 0xc8, 0x87, 0xa3, 0x00, 0x00, 0x00, 0x15,
    0xff, 0xdd, 0x10, 0x00, 0x86, 0xa3, 0x00, 0x00, 0x01, 0xa7, 0x00, 0x00,
    0x32, 0xf8, 0x70, 0x00, 0x00, 0x08, 0xba, 0x03, 0x00, 0x37, 0xfe, 0x29,
    0x00, 0x00, 0x00, 0x00, 0x00, 0x00, 0x00, 0x00, 0x00, 0x05, 0x00, 0x07,
    0xf3, 0x36, 0x17, 0xe2, 0x06, 0x00, 0x00, 0x00, 0xd3, 0x8c, 0x00, 0x00,
    0x33, 0xfa, 0x21, 0x00, 0x72, 0x1a, 0x00, 0x00, 0x43, 0x01, 0x00, 0x00,
    0x00, 0x00, 0x00, 0x00, 0x00, 0x00, 0x00, 0x00, 0x00, 0x00, 0x00, 0x00,
    0x00, 0x00, 0x00, 0x00, 0x00, 0x00, 0x00, 0x3a, 0x6e, 0x0a, 0xbe, 0xd6,
    0x5a, 0x55, 0xff, 0x1b, 0x00, 0xe7, 0x48, 0x00, 0x00, 0xe0, 0x47, 0x00,
    0x00, 0xef, 0x00, 0x98, 0xe6, 0x06, 0xb3, 0xd2, 0x00, 0x00, 0x20, 0xff,
    0x09, 0x61, 0x03, 0x68, 0x94, 0x4d, 0x05, 0x6f, 0x95, 0x43, 0xa9, 0x75,
    0x2e, 0x94, 0xce, 0x4d, 0x00, 0x00, 0x00, 0x02, 0xff, 0xc3, 0xac, 0x00,
    0x7b, 0xa2, 0x00, 0x00, 0x4a, 0x8c, 0x00, 0x00, 0x00, 0xa0, 0xd5, 0x00,
    0x00, 0x65, 0x89, 0x00, 0x00, 0x00, 0xd0, 0x7d, 0x00, 0x00, 0x55, 0x3e,
    0x00, 0x3c, 0x57, 0x00, 0x5a, 0xf4, 0x79, 0x00, 0x81, 0xd6, 0x67, 0x34,
    0x98, 0xf4, 0xed, 0x00, 0xce, 0x7f, 0x00, 0x00, 0x00, 0xbf, 0x83, 0x29,
    0x82, 0x00, 0x00, 0x06, 0x09, 0x06, 0x00, 0x00, 0x00, 0x00, 0x00, 0x00,
    0x00, 0x00, 0x00, 0x00, 0x00, 0x00, 0x00, 0x00, 0x00, 0x00, 0x00, 0x00,
    0x00, 0x00, 0x05, 0xaa, 0x00, 0x5d, 0x15, 0x8e, 0x73, 0x02, 0xdf, 0x0f,
    0x00, 0xe8, 0x44, 0x00, 0x00, 0xd9, 0x44, 0x00, 0x00, 0xe9, 0x00, 0x2a,
    0xfe, 0x5b, 0x43, 0xff, 0x41, 0x00, 0x00, 0xe6, 0x59, 0xfe, 0xbc, 0x74,
    0x54, 0xfc, 0xd1, 0x6d, 0x62, 0xf9, 0x30, 0xf1, 0xc3, 0x2b, 0xee, 0x07,
    0x1d, 0x04, 0x00, 0x02, 0xff, 0x36, 0xda, 0x6c, 0x7b, 0xa4, 0x00, 0x00,
    0x80, 0x92, 0x00, 0x00, 0x00, 0x3f, 0xe4, 0x00, 0x00, 0x7e, 0x83, 0x00,
    0x00, 0x00, 0x87, 0xa6, 0x00, 0x00, 0xb4, 0xd4, 0x06, 0x94, 0xf3, 0x14,
    0x04, 0x33, 0xff, 0x00, 0x19, 0xfb, 0xa7, 0x19, 0x55, 0x8d, 0x66, 0x00,
    0xcf, 0x7f, 0x00, 0x00, 0x00, 0x94, 0x8f, 0x8f, 0x53, 0x00, 0x1b, 0xea,
    0xff, 0xa4, 0x00, 0x00, 0x00, 0x00, 0x00, 0x00, 0x00, 0x00, 0x00, 0x00,
    0x00, 0x00, 0x00, 0x00, 0x00, 0x00, 0x00, 0x00, 0x00, 0x00, 0x5d, 0x9b,
    0x47, 0x86, 0x00, 0x89, 0x80, 0x00, 0xe2, 0x02, 0x00, 0xea, 0x41, 0x00,
    0x00, 0xd9, 0x45, 0x00, 0x00, 0xe9, 0x00, 0x00, 0xb8, 0xca, 0x01, 0xd1,
    0xb0, 0x00, 0x09, 0xcc, 0x02, 0xfb, 0x46, 0x00, 0x01, 0xf5, 0x4d, 0x00,
    0x08, 0xfe, 0x00, 0x20, 0x09, 0x5f, 0xac, 0x58, 0xe4, 0xc8, 0x09, 0x04,
    0xff, 0x2e, 0x34, 0xf2, 0xae, 0xa7, 0x00, 0x00, 0x89, 0x9a, 0x00, 0x00,
    0x00, 0x27, 0xd4, 0x00, 0x00, 0x6e, 0x83, 0x00, 0x00, 0x00, 0x6e, 0x82,
    0x00, 0x00, 0x12, 0xf1, 0x55, 0x01, 0xcf, 0x87, 0x00, 0x00, 0xd3, 0x08,
    0xb0, 0x53, 0xf9, 0x71, 0x18, 0x8d, 0x00, 0x00, 0xcf, 0x7f, 0x00, 0x00,
    0x00, 0x94, 0x70, 0xaa, 0x91, 0x00, 0x2e, 0x22, 0x9f, 0x84, 0x00, 0x00,
    0x00, 0x00, 0x00, 0x00, 0x00, 0x00, 0x00, 0x00, 0x00, 0x00, 0x00, 0x00,
    0x00, 0x00, 0x00, 0x00, 0x00, 0x00, 0xa4, 0x79, 0x25, 0xe3, 0x22, 0x82,
    0xc6, 0x4f, 0x60, 0x00, 0x00, 0xed, 0x45, 0x00, 0x00, 0xda, 0x51, 0x00,
    0x00, 0xea, 0x00, 0x00, 0x48, 0xff, 0x39, 0x6b, 0xff, 0x21, 0x5f, 0x62,
    0x00, 0xfc, 0x37, 0x00, 0x00, 0xec, 0x32, 0x00, 0x00, 0xfc, 0x00, 0x00,
    0x00, 0xb4, 0x7b, 0x9c, 0x0d, 0xcc, 0x46, 0x06, 0xff, 0x32, 0x00, 0x74,
    0xff, 0xaa, 0x00, 0x00, 0x69, 0xe3, 0x11, 0x00, 0x00, 0x61, 0x7e, 0x00,
    0x00, 0x58, 0xd5, 0x01, 0x33, 0x59, 0x85, 0x23, 0x00, 0x00, 0x00, 0x84,
    0xd1, 0x01, 0x52, 0xf2, 0x13, 0x00, 0xa5, 0x73, 0x74, 0x00, 0x6c, 0xfb,
    0xa9, 0x0b, 0x00, 0x00, 0xd0, 0x81, 0x00, 0x00, 0x00, 0xb0, 0x48, 0x7e,
    0xe3, 0x01, 0x00, 0x00, 0x91, 0x85, 0x00, 0x00, 0x00, 0x00, 0x00, 0x00,
    0x00, 0x00, 0x00, 0x00, 0x00, 0x00, 0x00, 0x00, 0x00, 0x00, 0x00, 0x00,
    0x00, 0x00, 0x81, 0xdf, 0x0f, 0xaf, 0xf4, 0x70, 0xcb, 0x71, 0x00, 0x00,
    0x00, 0xea, 0x54, 0x00, 0x00, 0xd8, 0x62, 0x00, 0x00, 0xe8, 0x00, 0x00,
    0x01, 0xd6, 0xa7, 0x79, 0xfd, 0x8d, 0x9b, 0x03, 0x00, 0xff, 0x38, 0x00,
    0x00, 0xed, 0x3b, 0x00, 0x00, 0xfc, 0x00, 0x00, 0x12, 0xf9, 0x5e, 0xaf,
    0x00, 0x91, 0x54, 0x03, 0xff, 0x3b, 0x00, 0x01, 0xba, 0xb1, 0x00, 0x00,
    0x0a, 0xeb, 0xa4, 0x00, 0x03, 0xc0, 0x13, 0x00, 0x00, 0x06, 0xd5, 0x8b,
    0x65, 0xf4, 0x91, 0x00, 0x00, 0x00, 0x00, 0x13, 0xf2, 0x52, 0x17, 0xff,
    0x83, 0x23, 0x9f, 0x9a, 0xaf, 0x00, 0x00, 0xc3, 0xf8, 0x53, 0x00, 0x00,
    0xb8, 0xa1, 0x00, 0x00, 0x00, 0xa4, 0x02, 0x24, 0xf8, 0x97, 0x03, 0x00,
    0x91, 0x85, 0x00, 0x00, 0x00, 0x00, 0x00, 0x00, 0x00, 0x00, 0x00, 0x00,
    0x00, 0x00, 0x00, 0x00, 0x00, 0x00, 0x00, 0x00, 0x00, 0x00, 0x30, 0xf7,
    0xa6, 0x00, 0x0f, 0x2c, 0x09, 0x00, 0x00, 0x00, 0x00, 0xde, 0xb9, 0x00,
    0x00, 0xce, 0xc3, 0x02, 0x00, 0xde, 0x00, 0x00, 0x00, 0x67, 0xfa, 0x64,
    0x81, 0xf6, 0x4c, 0x00, 0x00, 0xfb, 0x73, 0x00, 0x00, 0xe9, 0x5e, 0x00,
    0x00, 0xf9, 0x00, 0x00, 0x64, 0xe7, 0x0d, 0xe8, 0x5e, 0xaf, 0x11, 0x00,
    0xf5, 0x89, 0x00, 0x00, 0x6d, 0xe0, 0x14, 0x00, 0x00, 0x7c, 0xff, 0xb0,
    0xae, 0x45, 0x00, 0x00, 0x00, 0x00, 0x3f, 0xef, 0x5d, 0xc0, 0xd3, 0x01,
    0x00, 0x00, 0x00, 0x00, 0x87, 0xcf, 0x7c, 0x58, 0xf0, 0x8f, 0x0c, 0x3a,
    0xfd, 0x96, 0x81, 0x8d, 0xaa, 0xfc, 0xd2, 0x00, 0x78, 0xe9, 0x24, 0x04,
    0x74, 0x3d, 0x00, 0x00, 0x6f, 0xff, 0xae, 0x7a, 0xd3, 0x96, 0x06, 0x00,
    0x00, 0x00, 0x00, 0x00, 0x00, 0x00, 0x00, 0x00, 0x00, 0x00, 0x00, 0x00,
    0x00, 0x00, 0x00, 0x00, 0x00, 0x00, 0x00, 0x5e, 0xff, 0xbf, 0x97, 0x68,
    0x00, 0x00, 0x00, 0x00, 0x00, 0x73, 0x66, 0x00, 0x00, 0x6c, 0x66, 0x00,
    0x00, 0x7a, 0x00, 0x00, 0x00, 0x0a, 0xc2, 0x04, 0x18, 0xb7, 0x00, 0x00,
    0x00, 0xa8, 0x88, 0x00, 0x00, 0x9f, 0x89, 0x00, 0x00, 0xad, 0x00, 0x00,
    0xbb, 0x96, 0x00, 0x55, 0xd6, 0x37, 0x00, 0x00, 0x7f, 0x6b, 0x00, 0x00,
    0x1c, 0xb7, 0x11, 0x00, 0x00, 0x01, 0x76, 0xeb, 0x54, 0x00, 0x00, 0x00,
    0x00, 0x00, 0x00, 0x7f, 0xdd, 0x46, 0xf0, 0x8e, 0x2e, 0x00, 0x00, 0x00,
    0x14, 0xd0, 0x10, 0x02, 0xc8, 0x2a, 0x00, 0x00, 0x4b, 0xaf, 0xba, 0x04,
    0x03, 0x9c, 0x79, 0x00, 0x15, 0x9d, 0xf3, 0xbf, 0x40, 0x00, 0x00, 0x00,
    0x01, 0x6e, 0xeb, 0xa9, 0x4a, 0xb2, 0x0e, 0x00, 0x00, 0x00, 0x00, 0x00,
    0x00, 0x00, 0x00, 0x00, 0x00, 0x00, 0x00, 0x00, 0x00, 0x00, 0x00, 0x00,
    0x00, 0x00, 0x00, 0x00, 0x39, 0x9e, 0x4a, 0x00, 0x00, 0x00, 0x00, 0x00,
    0x00, 0x00, 0x00, 0x00, 0x00, 0x01, 0x00, 0x00, 0x00, 0x01, 0x00, 0x00,
    0x00, 0x00, 0x01, 0x00, 0x00, 0x01, 0x00, 0x00, 0x00, 0x01, 0x00, 0x00,
    0x00, 0x01, 0x00, 0x00, 0x00, 0x01, 0x00, 0x17, 0xc8, 0x0a, 0x00, 0x00,
    0x00, 0x00, 0x00, 0x00, 0x00, 0x00, 0x00, 0x00, 0x00, 0x00, 0x00, 0x00,
    0x00, 0x00, 0x00, 0x03, 0x00, 0x00, 0x00, 0x00, 0x00, 0x00, 0x00, 0x00,
    0x00, 0x00, 0x63, 0xaa, 0x02, 0x00, 0x00, 0x00, 0x00, 0x01, 0x00, 0x00,
    0x01, 0x00, 0x00, 0x00, 0x00, 0x00, 0x00, 0x00, 0x00, 0x00, 0x00, 0x00,
    0x00, 0x00, 0x02, 0x00, 0x00, 0x00, 0x00, 0x00, 0x00, 0x00, 0x02, 0x00,
    0x01, 0x02, 0x00, 0x00, 0x00, 0x00, 0x00, 0x00, 0x00, 0x00, 0x00, 0x00,
    0x00, 0x00, 0x00, 0x00, 0x00, 0x00, 0x00, 0x00, 0x00, 0x00, 0x00, 0x00,
    0x00, 0x00, 0x00, 0x00, 0x00, 0x00, 0x00, 0x00, 0x00, 0x00, 0x00, 0x00,
    0x00, 0x00, 0x00, 0x00, 0x00, 0x00, 0x00, 0x00, 0x00, 0x00, 0x00, 0x00,
    0x00, 0x00, 0x00, 0x00, 0x00, 0x00, 0x00, 0x00, 0x00, 0x00, 0x00, 0x00,
    0x00, 0x00, 0x00, 0x14, 0x18, 0x00, 0x00, 0x00, 0x00, 0x00, 0x00, 0x00,
    0x00, 0x00, 0x00, 0x00, 0x00, 0x00, 0x00, 0x00, 0x00, 0x00, 0x00, 0x00,
    0x00, 0x00, 0x00, 0x00, 0x00, 0x00, 0x00, 0x00, 0x00, 0x00, 0x00, 0x01,
    0x00, 0x00, 0x00, 0x00, 0x00, 0x00, 0x00, 0x00, 0x00, 0x00, 0x00, 0x00,
    0x00, 0x00, 0x00, 0x00, 0x00, 0x00, 0x00, 0x00, 0x00, 0x00, 0x00, 0x00,
    0x00, 0x00, 0x00, 0x00, 0x00, 0x00, 0x00, 0x00, 0x00, 0x00, 0x00, 0x00,
    0x00, 0x00, 0x00, 0x00, 0x00, 0x00, 0x00, 0x00, 0x00, 0x00, 0x00, 0x00,
    0x00, 0x00, 0x00, 0x00, 0x00, 0x00, 0x00, 0x00, 0x00, 0x00, 0x00, 0x00,
    0x00, 0x00, 0x00, 0x00, 0x00, 0x00, 0x00, 0x00, 0x00, 0x00, 0x00, 0x00,
    0x00, 0x00, 0x00, 0x00, 0x00, 0x00, 0x00, 0x00, 0x00, 0x00, 0x00, 0x00,
    0x00, 0x00, 0x00, 0x00, 0x00, 0x00, 0x00, 0x00, 0x00, 0x00, 0x00, 0x00,
    0x00, 0x00, 0x00, 0x00, 0x00, 0x00, 0x00, 0x00, 0x00, 0x00, 0x00, 0x00,
    0x00, 0x00, 0x00, 0x00, 0x00, 0x00, 0x00, 0x00, 0x00, 0x00, 0x00, 0x00,
    0x00, 0x00, 0x00, 0x00, 0x00, 0x00, 0x00, 0x00, 0x00, 0x00, 0x00, 0x00,
    0x00, 0x00, 0x00, 0x00, 0x00, 0x00, 0x00, 0x00, 0x00, 0x00, 0x00, 0x00,
    0x00, 0x00, 0x00, 0x00, 0x00, 0x00, 0x00, 0x00, 0x00, 0x00, 0x00, 0x00,
    0x00, 0x00, 0x00, 0x00, 0x00, 0x00, 0x00, 0x00, 0x00, 0x00, 0x00, 0x00,
    0x00, 0x00, 0x00, 0x00, 0x00, 0x00, 0x00, 0x00, 0x00, 0x00, 0x00, 0x00,
    0x00, 0x00, 0x00, 0x00, 0x00, 0x00, 0x00, 0x00, 0x00, 0x00, 0x00, 0x00,
    0x00, 0x00, 0x00, 0x00, 0x00, 0x00, 0x00, 0x00, 0x00, 0x00, 0x00, 0x00,
    0x00, 0x00, 0x00, 0x00, 0x00, 0x00, 0x00, 0x00, 0x00, 0x00, 0x00, 0x00,
    0x00, 0x00, 0x00, 0x00, 0x00, 0x00, 0x00, 0x00, 0x00, 0x00, 0x00, 0x00,
    0x00, 0x00, 0x00, 0x00, 0x00, 0x00, 0x00, 0x00, 0x00, 0x00, 0x00, 0x00,
    0x00, 0x00, 0x00, 0x00, 0x00, 0x00, 0x00, 0x00, 0x00, 0x00, 0x00, 0x00,
    0x00, 0x00, 0x00, 0x00, 0x00, 0x00, 0x00, 0x00, 0x00, 0x00, 0x00, 0x00,
    0x00, 0x00, 0x00, 0x00, 0x00, 0x00, 0x00, 0x00, 0x00, 0x00, 0x00, 0x00,
    0x00, 0x00, 0x00, 0x00, 0x00, 0x00, 0x00, 0x00, 0x00, 0x00, 0x00, 0x00,
    0x00, 0x00, 0x00, 0x00, 0x00, 0x00, 0x00, 0x00, 0x00, 0x00, 0x00, 0x00,
    0x00, 0x00, 0x00, 0x00, 0x00, 0x00, 0x00, 0x00, 0x00, 0x00, 0x00, 0x00,
    0x00, 0x00, 0x00, 0x00, 0x00, 0x00, 0x00, 0x00, 0x00, 0x00, 0x00, 0x00,
    0x00, 0x00, 0x00, 0x00, 0x00, 0x00, 0x00, 0x00, 0x00, 0x00, 0x00, 0x00,
    0x00, 0x00, 0x00, 0x00, 0x00, 0x00, 0x00, 0x00, 0x00, 0x00, 0x00, 0x00,
    0x00, 0x00, 0x00, 0x00, 0x00, 0x00, 0x00, 0x00, 0x00, 0x00, 0x00, 0x00,
    0x00, 0x00, 0x00, 0x00, 0x00, 0x00, 0x00, 0x00, 0x00, 0x00, 0x00, 0x00,
    0x00, 0x00, 0x00, 0x00, 0x00, 0x00, 0x00, 0x00, 0x00, 0x00, 0x00, 0x00,
    0x00, 0x00, 0x00, 0x00, 0x00, 0x00, 0x00, 0x00, 0x00, 0x00, 0x00, 0x00,
    0x00, 0x00, 0x00, 0x00, 0x00, 0x00, 0x00, 0x00, 0x00, 0x00, 0x00, 0x00,
    0x00, 0x00, 0x00, 0x00, 0x00, 0x00, 0x00, 0x00, 0x00, 0x00, 0x00, 0x00,
    0x00, 0x00, 0x00, 0x00, 0x00, 0x00, 0x00, 0x00, 0x00, 0x00, 0x00, 0x00,
    0x00, 0x00, 0x00, 0x00, 0x00, 0x00, 0x00, 0x00, 0x00, 0x00, 0x00, 0x00,
    0x00, 0x00, 0x00, 0x00, 0x00, 0x00, 0x00, 0x00, 0x00, 0x00, 0x00, 0x00,
    0x00, 0x00, 0x00, 0x00, 0x00, 0x00, 0x00, 0x00, 0x00, 0x00, 0x00, 0x00,
    0x00, 0x00, 0x00, 0x00, 0x00, 0x00, 0x00, 0x00, 0x00, 0x00, 0x00, 0x00,
    0x00, 0x00, 0x00, 0x00, 0x00, 0x00, 0x00, 0x00, 0x00, 0x00, 0x00, 0x00,
    0x00, 0x00, 0x00, 0x00, 0x00, 0x00, 0x00, 0x00, 0x00, 0x00, 0x00, 0x00,
    0x00, 0x00, 0x00, 0x00, 0x00, 0x00, 0x00, 0x00, 0x00, 0x00, 0x00, 0x00,
    0x00, 0x00, 0x00, 0x00, 0x00, 0x00, 0x00, 0x00, 0x00, 0x00, 0x00, 0x00,
    0x00, 0x00, 0x00, 0x00, 0x00, 0x00, 0x00, 0x00, 0x00, 0x00, 0x00, 0x00,
    0x00, 0x00, 0x00, 0x00, 0x00, 0x00, 0x00, 0x00, 0x00, 0x00, 0x00, 0x00,
    0x00, 0x00, 0x00, 0x00, 0x00, 0x00, 0x00, 0x00, 0x00, 0x00, 0x00, 0x00,
    0x00, 0x00, 0x00, 0x00, 0x00, 0x00, 0x00, 0x00, 0x00, 0x00, 0x00, 0x00,
    0x00, 0x00, 0x00, 0x00, 0x00, 0x00, 0x00, 0x00, 0x00, 0x00, 0x00, 0x00,
    0x00, 0x00, 0x00, 0x00, 0x00, 0x09, 0x00, 0x00, 0x00, 0x00, 0x00, 0x00,
    0x00, 0x00, 0x00, 0x00, 0x00, 0x00, 0x00, 0x00, 0x00, 0x00, 0x00, 0x00,
    0x00, 0x00, 0x00, 0x00, 0x00, 0x00, 0x00, 0x00, 0x00, 0x00, 0x00, 0x00,
    0x00, 0x00, 0x00, 0x00, 0x00, 0x00, 0x00, 0x00, 0x00, 0x00, 0x00, 0x00,
    0x05, 0x00, 0x00, 0x00, 0x00, 0x00, 0x00, 0x00, 0x00, 0x00, 0x00, 0x00,
    0x00, 0x00, 0x00, 0x00, 0x00, 0x00, 0x00, 0x00, 0x00, 0x00, 0x00, 0x00,
    0x00, 0x00, 0x00, 0x00, 0x00, 0x00, 0x00, 0x00, 0x00, 0x00, 0x00, 0x00,
    0x00, 0x00, 0x00, 0x00, 0x00, 0x00, 0x00, 0x00, 0x00, 0x00, 0x00, 0x00,
    0x00, 0x00, 0x00, 0x00, 0x00, 0x00, 0x00, 0x00, 0x00, 0x00, 0x3d, 0x62,
    0x00, 0x00, 0x05, 0x8d, 0x0d, 0x00, 0x25, 0xa4, 0x01, 0x00, 0x2e, 0xa1,
    0x01, 0x00, 0x00, 0x00, 0x00, 0x00, 0x00, 0x00, 0x00, 0x00, 0x00, 0x00,
    0x91, 0xf7, 0x24, 0x00, 0x3b, 0x95, 0x59, 0xcb, 0xca, 0x13, 0x00, 0x00,
    0x00, 0x1d, 0x89, 0xd3, 0x88, 0x0a, 0x41, 0x7f, 0x00, 0x00, 0x47, 0x4c,
    0x00, 0x0d, 0x7a, 0x01, 0x74, 0xad, 0x0c, 0x00, 0x59, 0x99, 0x3a, 0x9d,
    0xa1, 0x0c, 0x00, 0x03, 0x3c, 0x00, 0x00, 0x66, 0xfa, 0x66, 0x24, 0xd4,
    0x28, 0x00, 0xae, 0xeb, 0x44, 0x55, 0x8b, 0x00, 0x00, 0x00, 0x00, 0x00,
    0x00, 0x00, 0x00, 0x00, 0x38, 0x93, 0x00, 0x26, 0xa4, 0x00, 0x00, 0x00,
    0x00, 0x00, 0x00, 0x00, 0x00, 0x00, 0x00, 0x00, 0x00, 0x00, 0x00, 0x00,
    0x00, 0x00, 0x00, 0x00, 0x00, 0x00, 0x00, 0x00, 0x00, 0x00, 0x00, 0x00,
    0x00, 0x00, 0x00, 0x00, 0x00, 0x00, 0x86, 0xc3, 0x00, 0x00, 0x06, 0xf7,
    0x4b, 0x00, 0x54, 0xff, 0x3d, 0x00, 0x34, 0xfe, 0x40, 0x00, 0x00, 0x00,
    0x00, 0x00, 0x00, 0x00, 0x00, 0x00, 0x00, 0x16, 0x2e, 0xd8, 0x84, 0x00,
    0x61, 0xff, 0x4a, 0x14, 0xd4, 0x9d, 0x00, 0x00, 0x0f, 0xbf, 0x47, 0x54,
    0xe2, 0x45, 0x6a, 0xf8, 0x00, 0x00, 0xc9, 0x7f, 0x00, 0x55, 0xff, 0xa0,
    0x4c, 0xd1, 0xd0, 0x05, 0x57, 0xfd, 0x1c, 0x16, 0xfa, 0xa5, 0x00, 0x91,
    0xfd, 0x22, 0x00, 0x4b, 0xbc, 0xf0, 0x59, 0xd4, 0xa4, 0x19, 0x8a, 0xc0,
    0x03, 0x80, 0xc4, 0x00, 0x00, 0x00, 0x00, 0x00, 0x00, 0x00, 0x00, 0x00,
    0x63, 0xed, 0x00, 0x46, 0xfd, 0x0a, 0x00, 0x00, 0x00, 0x00, 0x00, 0x00,
    0x00, 0x00, 0x00, 0x00, 0x00, 0x00, 0x00, 0x00, 0x00, 0x00, 0x00, 0x00,
    0x00, 0x00, 0x00, 0x00, 0x00, 0x00, 0x00, 0x00, 0x00, 0x00, 0x00, 0x00,
    0x00, 0x00, 0x6c, 0xce, 0x00, 0x00, 0x00, 0xe4, 0x52, 0x00, 0x00, 0xfa,
    0x47, 0x00, 0x00, 0xe6, 0x52, 0x00, 0x00, 0x00, 0x00, 0x00, 0x00, 0x00,
    0x00, 0x00, 0x00, 0x00, 0x10, 0xe6, 0xd7, 0x00, 0x2c, 0xff, 0x1d, 0x00,
    0x8e, 0x87, 0x00, 0x00, 0x85, 0x1d, 0x00, 0x00, 0x35, 0x00, 0x37, 0xff,
    0x02, 0x00, 0xdf, 0x35, 0x00, 0x01, 0xff, 0x3c, 0x00, 0x0e, 0xee, 0x37,
    0x40, 0xfb, 0x00, 0x00, 0xb2, 0x95, 0x00, 0x1a, 0xf2, 0x8c, 0x00, 0x00,
    0x35, 0xff, 0x00, 0x3e, 0xfc, 0x26, 0x89, 0x23, 0x00, 0x60, 0xc6, 0x00,
    0x00, 0x00, 0x00, 0x00, 0x00, 0x00, 0x00, 0x00, 0x43, 0xf8, 0x00, 0x2a,
    0xff, 0x11, 0x00, 0x00, 0x00, 0x00, 0x00, 0x00, 0x00, 0x00, 0x00, 0x00,
    0x00, 0x00, 0x00, 0x00, 0x00, 0x00, 0x00, 0x00, 0x00, 0x00, 0x00, 0x00,
    0x00, 0x00, 0x00, 0x00, 0x00, 0x00, 0x00, 0x00, 0x00, 0x00, 0x6f, 0xd2,
    0x1e, 0x33, 0x3c, 0xf8, 0x52, 0x00, 0x00, 0xee, 0x43, 0x00, 0x00, 0xdf,
    0x57, 0x00, 0x00, 0x00, 0x00, 0x00, 0x00, 0x00, 0x00, 0x00, 0x00, 0x00,
    0x84, 0x66, 0xfc, 0x29, 0x23, 0xff, 0x1a, 0x1b, 0xa9, 0x07, 0x00, 0x1b,
    0x95, 0x00, 0x00, 0x00, 0x00, 0x00, 0x34, 0xff, 0x09, 0x65, 0x5c, 0x00,
    0x00, 0x00, 0xfc, 0x36, 0x00, 0x00, 0xba, 0x59, 0x40, 0xfd, 0x00, 0x2c,
    0xd7, 0x3e, 0x00, 0x00, 0x8c, 0xee, 0x0a, 0x00, 0x07, 0xf8, 0x00, 0x00,
    0xc4, 0xce, 0x66, 0x00, 0x00, 0x5c, 0xbf, 0x14, 0x6c, 0x67, 0x03, 0x00,
    0x00, 0x00, 0x36, 0x8f, 0x90, 0xfb, 0x00, 0x29, 0xff, 0x1e, 0x77, 0xad,
    0x6f, 0x00, 0x1f, 0x91, 0x02, 0x6a, 0xb1, 0xa2, 0x0c, 0x00, 0x00, 0x00,
    0x00, 0x00, 0x5e, 0x9d, 0x4f, 0x05, 0x00, 0x04, 0x4e, 0x00, 0x61, 0x90,
    0x40, 0x00, 0x00, 0x00, 0x00, 0x00, 0x71, 0xe9, 0xb7, 0xb4, 0xac, 0xff,
    0x52, 0x00, 0x00, 0xe7, 0x3a, 0x00, 0x00, 0xdd, 0x54, 0x00, 0x00, 0x00,
    0x00, 0x00, 0x00, 0x00, 0x00, 0x00, 0x00, 0x17, 0xc8, 0x02, 0xc0, 0x7c,
    0x1b, 0xff, 0xbf, 0x93, 0xdc, 0x9c, 0x17, 0x73, 0x83, 0x00, 0x00, 0x00,
    0x00, 0x00, 0x34, 0xff, 0xb1, 0xed, 0x3a, 0x00, 0x00, 0x30, 0xfd, 0x70,
    0x07, 0x23, 0xb9, 0x08, 0x40, 0xff, 0x36, 0x9f, 0x13, 0x00, 0x00, 0x00,
    0x21, 0xfc, 0x66, 0x00, 0x00, 0xca, 0x00, 0x00, 0x5e, 0xff, 0x26, 0x00,
    0x00, 0x5d, 0xe9, 0x80, 0x7b, 0xd9, 0xc5, 0x0d, 0x00, 0x69, 0x61, 0x51,
    0xe8, 0xff, 0x01, 0x2a, 0xff, 0xc5, 0x73, 0x43, 0xee, 0x46, 0x3c, 0xff,
    0xa9, 0x32, 0x0b, 0xc8, 0x85, 0x00, 0x00, 0x00, 0x00, 0x82, 0x53, 0x61,
    0xf6, 0x87, 0x00, 0x82, 0xfa, 0x83, 0x74, 0xcf, 0xf8, 0x29, 0x00, 0x00,
    0x00, 0x00, 0x72, 0xd3, 0x00, 0x00, 0x00, 0xea, 0x53, 0x00, 0x00, 0xec,
    0x31, 0x00, 0x00, 0xe1, 0x52, 0x00, 0x00, 0x00, 0x00, 0x00, 0x00, 0x00,
    0x00, 0x00, 0x56, 0xcb, 0xce, 0x9c, 0xd0, 0xd8, 0x22, 0xff, 0x1f, 0x00,
    0x0b, 0xf4, 0x80, 0x88, 0x70, 0x00, 0x00, 0x00, 0x00, 0x00, 0x34, 0xff,
    0x85, 0xd0, 0xf3, 0x18, 0x00, 0x29, 0xf9, 0xfc, 0xd8, 0xaa, 0x1b, 0x00,
    0x40, 0xff, 0xa8, 0xf5, 0x86, 0x00, 0x00, 0x00, 0x00, 0xaf, 0xd2, 0x00,
    0x03, 0xd0, 0x00, 0x09, 0x8c, 0xd6, 0x9a, 0x00, 0x00, 0x65, 0xc0, 0x00,
    0x00, 0x28, 0xfa, 0x48, 0x20, 0x9a, 0x00, 0x00, 0x30, 0xff, 0x05, 0x29,
    0xff, 0x14, 0x00, 0x00, 0xc4, 0x66, 0x02, 0xfc, 0x3a, 0x00, 0x00, 0x83,
    0xab, 0x00, 0x00, 0x00, 0x43, 0x80, 0x00, 0x00, 0x6c, 0xfb, 0x1f, 0x12,
    0xff, 0x36, 0x00, 0x2d, 0xfb, 0x5c, 0x00, 0x00, 0x00, 0x00, 0x73, 0xd0,
    0x00, 0x00, 0x00, 0xea, 0x54, 0x00, 0x00, 0xf1, 0x2f, 0x00, 0x00, 0xe5,
    0x50, 0x00, 0x00, 0x00, 0x00, 0x00, 0x00, 0x00, 0x00, 0x15, 0x88, 0xed,
    0x7b, 0x74, 0x5c, 0xfc, 0x2e, 0xff, 0x1f, 0x00, 0x00, 0xa7, 0xad, 0x77,
    0xd3, 0x09, 0x00, 0x00, 0x00, 0x00, 0x34, 0xff, 0x0d, 0x15, 0xf4, 0x94,
    0x00, 0x00, 0xf6, 0x3b, 0x00, 0x00, 0x00, 0x00, 0x40, 0xfe, 0x00, 0x4d,
    0xfd, 0x36, 0x00, 0x00, 0x00, 0x41, 0xff, 0x3f, 0x4b, 0x74, 0x00, 0x7e,
    0x1c, 0x56, 0xf8, 0x1f, 0x00, 0x6b, 0xbd, 0x00, 0x00, 0x00, 0xad, 0x7b,
    0x75, 0xca, 0x00, 0x00, 0x1e, 0xff, 0x09, 0x28, 0xff, 0x0e, 0x00, 0x00,
    0xb0, 0x6f, 0x00, 0xfc, 0x38, 0x00, 0x00, 0x72, 0xb5, 0x00, 0x00, 0x00,
    0x86, 0x7e, 0x00, 0x00, 0x11, 0xf8, 0x37, 0x04, 0xff, 0x34, 0x00, 0x00,
    0xab, 0x7b, 0x00, 0x00, 0x00, 0x00, 0x71, 0xd1, 0x00, 0x00, 0x00, 0xe8,
    0x59, 0x00, 0x00, 0xf0, 0x46, 0x00, 0x34, 0xfc, 0x5d, 0x00, 0x00, 0x00,
    0x00, 0x00, 0x00, 0x00, 0x00, 0x00, 0x60, 0x80, 0x00, 0x00, 0x00, 0xb7,
    0x31, 0xff, 0x28, 0x00, 0x00, 0x9f, 0x7e, 0x34, 0xfe, 0x97, 0x00, 0x00,
    0x00, 0x03, 0x34, 0xff, 0x0e, 0x00, 0x8f, 0xf8, 0x1c, 0x00, 0xf9, 0x44,
    0x00, 0x00, 0x00, 0x00, 0x40, 0xfd, 0x00, 0x00, 0xc6, 0xc5, 0x00, 0x00,
    0x00, 0x00, 0xd2, 0xac, 0x94, 0x09, 0x1b, 0x8e, 0x00, 0x02, 0xd1, 0xa6,
    0x00, 0x66, 0xd5, 0x00, 0x00, 0x00, 0xb4, 0x3b, 0x45, 0xfd, 0x16, 0x00,
    0x21, 0xff, 0x0e, 0x24, 0xff, 0x0d, 0x00, 0x00, 0xae, 0x72, 0x00, 0xff,
    0x3c, 0x00, 0x00, 0x73, 0xb5, 0x00, 0x00, 0x00, 0x77, 0xc5, 0x07, 0x00,
    0x04, 0xc3, 0x06, 0x02, 0xf8, 0x33, 0x00, 0x00, 0xb0, 0x26, 0x00, 0x00,
    0x00, 0x00, 0x6b, 0xe9, 0x26, 0x00, 0x00, 0xe2, 0x95, 0x03, 0x00, 0xd5,
    0xaf, 0x4f, 0xac, 0xca, 0xa6, 0x09, 0x00, 0x00, 0x00, 0x00, 0x00, 0x00,
    0x00, 0x08, 0xb3, 0x15, 0x03, 0x00, 0x00, 0x51, 0x19, 0xf3, 0xc5, 0x11,
    0x11, 0xbb, 0x0f, 0x00, 0xa1, 0xff, 0x82, 0x42, 0x92, 0x40, 0x27, 0xff,
    0x35, 0x00, 0x1b, 0xf8, 0xb3, 0x00, 0xfa, 0x60, 0x00, 0x00, 0x00, 0x00,
    0x2a, 0xfe, 0x28, 0x00, 0x42, 0xff, 0x6a, 0x00, 0x00, 0x00, 0x64, 0xfb,
    0x5f, 0x00, 0x6b, 0xec, 0x38, 0x00, 0x51, 0xff, 0x7b, 0x0c, 0xd7, 0x68,
    0x01, 0x2a, 0xa5, 0x00, 0x0c, 0xf3, 0xaa, 0x1d, 0x88, 0xfc, 0x41, 0x1c,
    0xff, 0x42, 0x00, 0x00, 0xa3, 0xa3, 0x00, 0xfa, 0x52, 0x00, 0x00, 0x72,
    0xdc, 0x00, 0x00, 0x00, 0x0b, 0xe1, 0xae, 0x47, 0x80, 0x42, 0x00, 0x60,
    0xff, 0x9e, 0x3d, 0x4a, 0x69, 0x00, 0x00, 0x00, 0x00, 0x00, 0x25, 0xc4,
    0x2a, 0x00, 0x00, 0x86, 0x8a, 0x03, 0x00, 0x39, 0xd1, 0xb2, 0x16, 0x71,
    0x6a, 0x00, 0x00, 0x00, 0x00, 0x00, 0x00, 0x00, 0x00, 0x89, 0xff, 0xee,
    0x1d, 0x00, 0x00, 0x02, 0x00, 0x43, 0xda, 0xc8, 0x97, 0x0b, 0x00, 0x00,
    0x04, 0x80, 0xe0, 0xd6, 0x3e, 0x00, 0x00, 0xba, 0x71, 0x00, 0x00, 0x4e,
    0xa6, 0x00, 0xb8, 0xb0, 0x00, 0x00, 0x00, 0x00, 0x00, 0xa7, 0x44, 0x00,
    0x00, 0x6e, 0xc2, 0x00, 0x00, 0x00, 0x09, 0xc0, 0x03, 0x00, 0x27, 0xdd,
    0x0e, 0x00, 0x01, 0x8f, 0x45, 0x00, 0x2b, 0xa1, 0xb6, 0x85, 0x07, 0x00,
    0x00, 0x30, 0xdd, 0xa8, 0x0d, 0xab, 0x2f, 0x03, 0xba, 0x3b, 0x00, 0x00,
    0x46, 0x98, 0x00, 0x93, 0x97, 0x01, 0x00, 0x28, 0xc5, 0x00, 0x00, 0x00,
    0x00, 0x31, 0xc8, 0xc7, 0x2e, 0x00, 0x00, 0x03, 0xff, 0x9f, 0x9b, 0x3c,
    0x00, 0x00, 0x00, 0x00, 0x00, 0x00, 0x00, 0x00, 0x00, 0x00, 0x00, 0x00,
    0x00, 0x00, 0x00, 0x00, 0x00, 0x00, 0x00, 0x01, 0x00, 0x00, 0x00, 0x00,
    0x00, 0x00, 0x00, 0x00, 0x00, 0x03, 0x03, 0x01, 0x00, 0x00, 0x00, 0x00,
    0x00, 0x00, 0x00, 0x00, 0x00, 0x00, 0x00, 0x00, 0x00, 0x00, 0x00, 0x00,
    0x00, 0x00, 0x00, 0x00, 0x00, 0x00, 0x00, 0x00, 0x00, 0x00, 0x01, 0x02,
    0x00, 0x00, 0x00, 0x00, 0x00, 0x02, 0x00, 0x00, 0x00, 0x00, 0x01, 0x00,
    0x00, 0x00, 0x00, 0x01, 0x00, 0x00, 0x00, 0x03, 0x00, 0x00, 0x00, 0x00,
    0x00, 0x00, 0x00, 0x00, 0x00, 0x00, 0x00, 0x00, 0x00, 0x00, 0x01, 0x00,
    0x00, 0x01, 0x00, 0x00, 0x00, 0x00, 0x00, 0x00, 0x00, 0x00, 0x00, 0x00,
    0x00, 0x00, 0x00, 0x00, 0x00, 0x00, 0x00, 0x00, 0x00, 0x00, 0x01, 0x02,
    0x00, 0x00, 0x00, 0x00, 0xf9, 0x17, 0x00, 0x00, 0x00, 0x00, 0x00, 0x00,
    0x00, 0x00, 0x00, 0x00, 0x00, 0x00, 0x00, 0x00, 0x00, 0x00, 0x00, 0x00,
    0x00, 0x00, 0x00, 0x00, 0x00, 0x00, 0x00, 0x00, 0x00, 0x00, 0x00, 0x00,
    0x00, 0x00, 0x00, 0x00, 0x00, 0x00, 0x00, 0x00, 0x00, 0x00, 0x00, 0x00,
    0x00, 0x00, 0x00, 0x00, 0x00, 0x00, 0x00, 0x00, 0x00, 0x00, 0x00, 0x00,
    0x00, 0x00, 0x00, 0x00, 0x00, 0x00, 0x00, 0x00, 0x00, 0x00, 0x00, 0x00,
    0x00, 0x00, 0x00, 0x00, 0x00, 0x00, 0x00, 0x00, 0x00, 0x00, 0x00, 0x00,
    0x00, 0x00, 0x00, 0x00, 0x00, 0x00, 0x00, 0x00, 0x00, 0x00, 0x00, 0x00,
    0x00, 0x00, 0x00, 0x00, 0x00, 0x00, 0x00, 0x00, 0x00, 0x00, 0x00, 0x00,
    0x00, 0x00, 0x00, 0x00, 0x00, 0x00, 0x00, 0x00, 0x00, 0x00, 0x00, 0x00,
    0x00, 0x00, 0x00, 0x00, 0x00, 0x00, 0x00, 0x00, 0x00, 0x00, 0x00, 0x00,
    0xe7, 0x40, 0x00, 0x00, 0x00, 0x00, 0x00, 0x00, 0x00, 0x00, 0x00, 0x00,
    0x00, 0x00, 0x00, 0x00, 0x00, 0x00, 0x00, 0x00, 0x00, 0x00, 0x00, 0x00,
    0x00, 0x00, 0x00, 0x00, 0x00, 0x00, 0x00, 0x00, 0x00, 0x00, 0x00, 0x00,
    0x00, 0x00, 0x00, 0x00, 0x00, 0x00, 0x00, 0x00, 0x00, 0x00, 0x00, 0x00,
    0x00, 0x00, 0x00, 0x00, 0x00, 0x00, 0x00, 0x00, 0x00, 0x00, 0x00, 0x00,
    0x00, 0x00, 0x00, 0x00, 0x00, 0x00, 0x00, 0x00, 0x00, 0x00, 0x00, 0x00,
    0x00, 0x00, 0x00, 0x00, 0x00, 0x00, 0x00, 0x00, 0x00, 0x00, 0x00, 0x00,
    0x00, 0x00, 0x00, 0x00, 0x00, 0x00, 0x00, 0x00, 0x00, 0x00, 0x00, 0x00,
    0x00, 0x00, 0x00, 0x00, 0x00, 0x00, 0x00, 0x00, 0x00, 0x00, 0x00, 0x00,
    0x00, 0x00, 0x00, 0x00, 0x00, 0x00, 0x00, 0x00, 0x00, 0x00, 0x00, 0x00,
    0x00, 0x00, 0x00, 0x00, 0x00, 0x00, 0x00, 0x00, 0x78, 0x39, 0x00, 0x00,
    0x00, 0x00, 0x00, 0x00, 0x00, 0x00, 0x00, 0x00, 0x00, 0x00, 0x00, 0x00,
    0x00, 0x00, 0x00, 0x00, 0x00, 0x00, 0x00, 0x00, 0x00, 0x00, 0x00, 0x00,
    0x00, 0x00, 0x00, 0x00, 0x00, 0x00, 0x00, 0x00, 0x00, 0x00, 0x00, 0x00,
    0x00, 0x00, 0x00, 0x00, 0x00, 0x00, 0x00, 0x00, 0x00, 0x00, 0x00, 0x00,
    0x00, 0x00, 0x00, 0x00, 0x00, 0x00, 0x00, 0x00, 0x00, 0x00, 0x00, 0x00,
    0x00, 0x00, 0x00, 0x00, 0x00, 0x00, 0x00, 0x00, 0x00, 0x00, 0x00, 0x00,
    0x00, 0x00, 0x00, 0x00, 0x00, 0x00, 0x00, 0x00, 0x00, 0x00, 0x00, 0x00,
    0x00, 0x00, 0x00, 0x00, 0x00, 0x00, 0x00, 0x00, 0x00, 0x00, 0x00, 0x00,
    0x00, 0x00, 0x00, 0x00, 0x00, 0x00, 0x00, 0x00, 0x00, 0x00, 0x00, 0x00,
    0x00, 0x00, 0x00, 0x00, 0x00, 0x00, 0x00, 0x00, 0x00, 0x00, 0x00, 0x00,
    0x00, 0x00, 0x00, 0x00, 0x00, 0x00, 0x00, 0x00, 0x00, 0x00, 0x00, 0x00,
    0x00, 0x00, 0x00, 0x00, 0x00, 0x00, 0x00, 0x00, 0x00, 0x00, 0x00, 0x00,
    0x00, 0x00, 0x00, 0x00, 0x00, 0x00, 0x00, 0x00, 0x00, 0x00, 0x00, 0x00,
    0x00, 0x00, 0x00, 0x00, 0x00, 0x00, 0x00, 0x00, 0x00, 0x00, 0x00, 0x00,
    0x00, 0x00, 0x00, 0x00, 0x00, 0x00, 0x00, 0x00, 0x00, 0x00, 0x00, 0x00,
    0x00, 0x00, 0x00, 0x00, 0x00, 0x00, 0x00, 0x00, 0x00, 0x00, 0x00, 0x00,
    0x00, 0x00, 0x00, 0x00, 0x00, 0x00, 0x00, 0x00, 0x00, 0x00, 0x00, 0x00,
    0x00, 0x00, 0x00, 0x00, 0x00, 0x00, 0x00, 0x00, 0x00, 0x00, 0x00, 0x00,
    0x00, 0x00, 0x00, 0x00, 0x00, 0x00, 0x00, 0x00, 0x00, 0x00, 0x00, 0x00,
    0x00, 0x00, 0x00, 0x00, 0x00, 0x00, 0x00, 0x00, 0x00, 0x00, 0x00, 0x00,
    0x00, 0x00, 0x00, 0x00, 0x00, 0x00, 0x00, 0x00, 0x00, 0x00, 0x00, 0x00,
    0x00, 0x00, 0x00, 0x00, 0x00, 0x00, 0x00, 0x00, 0x00, 0x00, 0x00, 0x00,
    0x00, 0x00, 0x00, 0x00, 0x00, 0x00, 0x00, 0x00, 0x00, 0x00, 0x00, 0x00,
    0x00, 0x00, 0x00, 0x00, 0x00, 0x00, 0x00, 0x00, 0x00, 0x00, 0x00, 0x00,
    0x00, 0x00, 0x00, 0x00, 0x00, 0x00, 0x00, 0x00, 0x00, 0x00, 0x00, 0x00,
    0x00, 0x00, 0x00, 0x00, 0x00, 0x00, 0x00, 0x00, 0x00, 0x00, 0x00, 0x00,
    0x00, 0x00, 0x00, 0x00, 0x00, 0x00, 0x00, 0x00, 0x00, 0x00, 0x00, 0x00,
    0x00, 0x00, 0x00, 0x00, 0x00, 0x00, 0x00, 0x00, 0x00, 0x00, 0x00, 0x00,
    0x00, 0x00, 0x00, 0x00, 0x00, 0x00, 0x00, 0x00, 0x00, 0x00, 0x00, 0x00,
    0x00, 0x00, 0x00, 0x00, 0x00, 0x00, 0x00, 0x00, 0x00, 0x00, 0x00, 0x00,
    0x00, 0x00, 0x00, 0x00, 0x00, 0x00, 0x00, 0x00, 0x00, 0x00, 0x00, 0x51,
    0x00, 0x00, 0x00, 0x00, 0x00, 0x00, 0x00, 0x00, 0x00, 0x00, 0x00, 0x00,
    0x00, 0x00, 0x00, 0x00, 0x00, 0x00, 0x00, 0x00, 0x00, 0x00, 0x00, 0x00,
    0x00, 0x00, 0x00, 0x00, 0x00, 0x00, 0x00, 0x00, 0x00, 0x00, 0x00, 0x00,
    0x08, 0x00, 0x00, 0x00, 0x00, 0x00, 0x00, 0x00, 0x00, 0x00, 0x00, 0x00,
    0x00, 0x00, 0x00, 0x00, 0x00, 0x00, 0x00, 0x00, 0x00, 0x00, 0x00, 0x00,
    0x00, 0x00, 0x00, 0x00, 0x00, 0x00, 0x00, 0x00, 0x00, 0x00, 0x00, 0x00,
    0x00, 0x01, 0x00, 0x00, 0x00, 0x00, 0x00, 0x00, 0x00, 0x00, 0x00, 0x00,
    0x00, 0x00, 0x00, 0x00, 0x00, 0x00, 0x00, 0x00, 0x00, 0x00, 0x00, 0x00,
    0x00, 0x03, 0x00, 0x00, 0x00, 0x00, 0x00, 0x00, 0x00, 0x00, 0x00, 0x00,
    0x00, 0x00, 0x00, 0x00, 0x00, 0x00, 0x00, 0x00, 0x00, 0x00, 0x00, 0x00,
    0x00, 0x00, 0x00, 0x00, 0x00, 0x00, 0x4d, 0x9c, 0x00, 0x00, 0x00, 0x00,
    0x00, 0x00, 0x00, 0x00, 0x00, 0x00, 0x00, 0x00, 0x00, 0x00, 0x00, 0x00,
    0x00, 0x00, 0x00, 0x0a, 0x7c, 0x00, 0x00, 0x00, 0x00, 0x00, 0x00, 0x00,
    0x00, 0x00, 0x00, 0x00, 0x00, 0x00, 0x19, 0x94, 0x98, 0x16, 0x00, 0x00,
    0x00, 0x00, 0x00, 0x00, 0x00, 0x00, 0x00, 0x00, 0x8e, 0xef, 0x72, 0x00,
    0x00, 0x3b, 0x65, 0x00, 0x00, 0x00, 0x00, 0x10, 0x5d, 0xbf, 0xc7, 0x41,
    0x00, 0x8f, 0xd4, 0xd4, 0xd4, 0xd4, 0x00, 0x00, 0x48, 0x7c, 0x00, 0x00,
    0x00, 0x1b, 0xd0, 0xdd, 0xdf, 0x8e, 0x00, 0x00, 0x2d, 0xdc, 0xe0, 0x36,
    0x61, 0xf0, 0xef, 0xee, 0xed, 0x3d, 0x00, 0x07, 0xa3, 0xf7, 0x7a, 0x01,
    0x00, 0x12, 0xb2, 0xd5, 0x7f, 0x01, 0x00, 0x00, 0x00, 0x00, 0x00, 0x00,
    0x00, 0x00, 0x00, 0x00, 0x00, 0x00, 0x00, 0x00, 0x00, 0x00, 0x00, 0x00,
    0x00, 0x00, 0xc3, 0x59, 0x00, 0x01, 0x65, 0xda, 0xd7, 0x4c, 0x42, 0x93,
    0x5a, 0xd5, 0xd5, 0x50, 0x00, 0x00, 0x00, 0x00, 0x00, 0x00, 0x00, 0x34,
    0xf8, 0x00, 0x00, 0x00, 0x00, 0x00, 0x00, 0x00, 0x00, 0x00, 0x00, 0x00,
    0x00, 0x00, 0x59, 0xe3, 0xe2, 0x6e, 0x00, 0x00, 0x00, 0x00, 0x00, 0x00,
    0x00, 0x00, 0x00, 0x59, 0x71, 0xc3, 0xff, 0x34, 0x43, 0xe6, 0x7e, 0x00,
    0x00, 0x00, 0x00, 0x9a, 0x30, 0x36, 0xd5, 0xe4, 0x14, 0x7a, 0x79, 0x79,
    0x93, 0xb5, 0x00, 0x00, 0xce, 0xc0, 0x00, 0x00, 0x00, 0xbc, 0x4b, 0x4b,
    0x4d, 0x09, 0x00, 0x27, 0x88, 0x3a, 0x9e, 0x21, 0x68, 0x5c, 0x5a, 0x60,
    0xca, 0x02, 0x00, 0x63, 0x2e, 0x38, 0xd8, 0x5c, 0x03, 0xb8, 0x4b, 0x78,
    0xf6, 0x83, 0x00, 0x00, 0x00, 0x00, 0x00, 0x00, 0x00, 0x00, 0x00, 0x00,
    0x00, 0x00, 0x00, 0x00, 0x00, 0x00, 0x00, 0x00, 0x00, 0x06, 0xf5, 0x16,
    0x00, 0x5b, 0x4e, 0x1b, 0xb7, 0x5f, 0x26, 0xff, 0x79, 0x55, 0x41, 0x00,
    0x00, 0x00, 0x00, 0x00, 0x00, 0x00, 0x00, 0x0e, 0xce, 0x00, 0x00, 0x00,
    0x00, 0x00, 0x00, 0x00, 0x00, 0x00, 0x00, 0x00, 0x00, 0x00, 0x33, 0xbf,
    0xba, 0x31, 0x00, 0x00, 0x00, 0x00, 0x00, 0x1d, 0x00, 0x00, 0x18, 0x7e,
    0x00, 0x13, 0xe3, 0xa8, 0x02, 0xbc, 0x7a, 0x00, 0x00, 0x00, 0x35, 0xca,
    0x00, 0x00, 0x35, 0xe5, 0x00, 0x00, 0x00, 0x08, 0xa9, 0x12, 0x00, 0x00,
    0xad, 0x83, 0x00, 0x00, 0x01, 0xe1, 0x00, 0x00, 0x00, 0x00, 0x00, 0x73,
    0x05, 0x00, 0x00, 0x00, 0x00, 0x00, 0x00, 0x33, 0x74, 0x00, 0x00, 0xc8,
    0x21, 0x00, 0x7b, 0x3b, 0x62, 0x6c, 0x00, 0x00, 0x66, 0xe6, 0x00, 0x00,
    0x00, 0x00, 0x00, 0x00, 0x00, 0x00, 0x00, 0x00, 0x00, 0x00, 0x00, 0x00,
    0x00, 0x00, 0x00, 0x00, 0x00, 0x36, 0xcf, 0x00, 0x02, 0xc5, 0x05, 0x00,
    0x07, 0x00, 0x00, 0xec, 0x35, 0x00, 0x00, 0x00, 0x00, 0x00, 0x00, 0x00,
    0x4b, 0xae, 0xb7, 0x95, 0x21, 0x3c, 0x8f, 0x00, 0x00, 0x03, 0x7b, 0x56,
    0x00, 0x00, 0x00, 0x00, 0x00, 0x00, 0x06, 0x1e, 0x28, 0x07, 0x00, 0x00,
    0x00, 0x00, 0x5f, 0x93, 0x00, 0x00, 0x79, 0x49, 0x00, 0x00, 0x85, 0xfb,
    0x00, 0xac, 0x77, 0x00, 0x00, 0x00, 0x44, 0xfb, 0x0a, 0x00, 0x2f, 0xc1,
    0x00, 0x00, 0x00, 0x9f, 0xe4, 0xa5, 0x00, 0x00, 0xd4, 0x2a, 0x02, 0x00,
    0x14, 0xed, 0x84, 0xb8, 0xab, 0x1c, 0x17, 0x8e, 0x0e, 0x5a, 0x81, 0x1c,
    0x00, 0x00, 0x00, 0x8f, 0x12, 0x00, 0x00, 0xc6, 0xcc, 0x4a, 0x58, 0x00,
    0x85, 0x91, 0x00, 0x00, 0x1e, 0xff, 0x00, 0x00, 0x00, 0x00, 0x00, 0x00,
    0x00, 0x00, 0x00, 0x00, 0x00, 0x00, 0x00, 0x00, 0x00, 0x00, 0x00, 0x00,
    0x00, 0x6f, 0x8b, 0x00, 0x00, 0xb4, 0x8f, 0x3b, 0x05, 0x00, 0x00, 0xec,
    0x76, 0xa4, 0x51, 0x00, 0x00, 0x00, 0x00, 0x6a, 0x7a, 0x13, 0x69, 0xfc,
    0x21, 0x55, 0xff, 0x1b, 0x00, 0x01, 0x8b, 0xc4, 0x00, 0x00, 0x00, 0x00,
    0x00, 0x00, 0x00, 0x00, 0x00, 0x00, 0x00, 0x00, 0x00, 0x00, 0x97, 0x80,
    0x00, 0x0c, 0xa9, 0x54, 0x00, 0x00, 0x45, 0xff, 0x00, 0xab, 0x7a, 0x00,
    0x00, 0x00, 0x07, 0x73, 0x00, 0x00, 0x99, 0x26, 0x00, 0x00, 0x06, 0x6f,
    0x85, 0xf5, 0x00, 0x29, 0xa7, 0x4e, 0x88, 0x00, 0x0f, 0x47, 0x01, 0x04,
    0xb6, 0xcd, 0x65, 0x7b, 0xbf, 0x9b, 0xc7, 0xde, 0x00, 0x00, 0x0b, 0x95,
    0x00, 0x00, 0x00, 0x2b, 0xfa, 0xf9, 0x7a, 0x08, 0x6a, 0xd4, 0x0d, 0x06,
    0x74, 0xf8, 0x00, 0x00, 0x17, 0x83, 0x1d, 0x00, 0x1d, 0x92, 0x94, 0x96,
    0x9f, 0x59, 0x6b, 0x91, 0x04, 0x00, 0x00, 0x00, 0x00, 0xa8, 0x46, 0x00,
    0x00, 0x5b, 0xf3, 0xbb, 0x07, 0x20, 0x00, 0xee, 0x84, 0x66, 0x07, 0x00,
    0x00, 0x00, 0x1d, 0xac, 0x00, 0x00, 0x01, 0xe7, 0x4f, 0x0b, 0xff, 0x1f,
    0x00, 0x00, 0x77, 0xc0, 0x00, 0x00, 0x00, 0x00, 0x00, 0x00, 0x00, 0x00,
    0x00, 0x00, 0x00, 0x00, 0x48, 0xe5, 0x4f, 0x6b, 0xee, 0x9b, 0xb1, 0x62,
    0x00, 0x00, 0x0a, 0xf2, 0x00, 0xab, 0x7f, 0x00, 0x00, 0x00, 0x00, 0x00,
    0x00, 0x6a, 0x57, 0x00, 0x00, 0x8d, 0x02, 0x00, 0x00, 0x89, 0x00, 0x82,
    0x2a, 0x5f, 0xb8, 0x00, 0x00, 0x00, 0x00, 0x00, 0x0e, 0xdd, 0x7d, 0xd4,
    0x42, 0x00, 0x0d, 0xe6, 0x00, 0x00, 0x5c, 0x4f, 0x00, 0x00, 0x01, 0x89,
    0x1f, 0xab, 0xff, 0x9c, 0x06, 0xc2, 0xe2, 0xd5, 0x46, 0xfb, 0x02, 0x65,
    0x7d, 0x0b, 0x00, 0x00, 0x7a, 0x8e, 0x8a, 0x89, 0x89, 0x24, 0x14, 0xbc,
    0xbf, 0x15, 0x00, 0x00, 0x00, 0xe0, 0x0d, 0x00, 0x0d, 0xac, 0x03, 0x06,
    0x15, 0xec, 0x00, 0xf0, 0x26, 0x00, 0x00, 0x00, 0x00, 0x00, 0x60, 0x95,
    0x00, 0x00, 0x00, 0xe0, 0x4f, 0x0b, 0xff, 0x1d, 0x00, 0x00, 0x7e, 0xb3,
    0x00, 0x00, 0x00, 0x00, 0x00, 0x00, 0x00, 0x00, 0x00, 0x00, 0x00, 0x00,
    0x48, 0x37, 0x6c, 0x4f, 0x2c, 0x05, 0x95, 0xbf, 0x01, 0x00, 0x17, 0xad,
    0x00, 0xa7, 0x87, 0x00, 0x00, 0x00, 0x00, 0x00, 0x37, 0x8f, 0x00, 0x00,
    0x5c, 0xd8, 0x00, 0x00, 0x00, 0x2a, 0x09, 0xb3, 0x3b, 0x67, 0xe3, 0x35,
    0x00, 0x23, 0x00, 0x00, 0x00, 0xa4, 0x8d, 0xa3, 0x00, 0x00, 0x00, 0xbf,
    0x00, 0x00, 0xa8, 0x21, 0x00, 0x00, 0x51, 0x7f, 0x00, 0x00, 0x6d, 0xdf,
    0x00, 0x12, 0x3f, 0x24, 0x29, 0xb0, 0x9d, 0xb7, 0x06, 0x00, 0x00, 0x00,
    0x65, 0xff, 0xff, 0xff, 0xfb, 0x40, 0x00, 0x04, 0x8e, 0xe1, 0x23, 0x00,
    0x27, 0xd6, 0x00, 0x00, 0x6d, 0x85, 0x00, 0x00, 0x00, 0x9a, 0x00, 0xf2,
    0x26, 0x00, 0x00, 0x00, 0x00, 0x00, 0x56, 0xe6, 0x0f, 0x00, 0x00, 0xe2,
    0x4f, 0x06, 0xfd, 0x2b, 0x00, 0x00, 0x85, 0xa9, 0x00, 0x00, 0x00, 0x00,
    0x00, 0x00, 0x00, 0x00, 0x00, 0x00, 0x00, 0x00, 0x00, 0x00, 0xa9, 0x60,
    0x00, 0x00, 0x2e, 0xff, 0x5f, 0x00, 0x7f, 0x3e, 0x00, 0x9e, 0x9c, 0x00,
    0x00, 0x00, 0x00, 0x15, 0xaf, 0x07, 0x00, 0x00, 0x77, 0xe7, 0x28, 0x00,
    0x00, 0x7d, 0x63, 0xfe, 0xf2, 0xeb, 0xfc, 0xd8, 0x56, 0x9d, 0x00, 0x00,
    0x00, 0x97, 0x4e, 0xfc, 0x2e, 0x00, 0x00, 0xa6, 0x00, 0x00, 0xec, 0x17,
    0x00, 0x00, 0x7b, 0xbd, 0x09, 0x00, 0x2f, 0xb8, 0x00, 0x00, 0x00, 0x00,
    0x5e, 0x43, 0x11, 0xb6, 0xc6, 0x19, 0x00, 0x00, 0x32, 0x1a, 0x15, 0x12,
    0x0d, 0x00, 0x00, 0x08, 0x79, 0x71, 0x05, 0x00, 0x6d, 0xa2, 0x00, 0x00,
    0x83, 0xd1, 0x09, 0x00, 0x00, 0x84, 0x00, 0xf4, 0x29, 0x00, 0x00, 0x00,
    0x00, 0x00, 0x0a, 0xf1, 0xdf, 0x44, 0x6d, 0xef, 0x50, 0x00, 0xe1, 0x63,
    0x00, 0x42, 0xd5, 0xc7, 0x00, 0x00, 0x00, 0x00, 0x00, 0x00, 0x00, 0x00,
    0x00, 0x00, 0x00, 0x00, 0x00, 0x00, 0x44, 0x00, 0x00, 0x00, 0x00, 0xc1,
    0xf6, 0x9c, 0x89, 0x00, 0x00, 0x91, 0xc0, 0x00, 0x00, 0x00, 0x03, 0xbc,
    0x80, 0x56, 0x5d, 0x91, 0x17, 0xc9, 0xef, 0x82, 0x9f, 0x86, 0x13, 0x0c,
    0x00, 0x36, 0xf1, 0x00, 0x30, 0xf1, 0x89, 0x4b, 0x6f, 0x9c, 0x06, 0xd8,
    0xf8, 0x9d, 0xaf, 0x70, 0x00, 0x00, 0xc7, 0x80, 0x00, 0x00, 0x12, 0xec,
    0xcc, 0x5c, 0xb0, 0x30, 0x03, 0xa4, 0x7f, 0x62, 0x9c, 0x01, 0x00, 0x02,
    0x85, 0xe1, 0x0c, 0x00, 0x00, 0x00, 0x00, 0x00, 0x00, 0x00, 0x3f, 0x89,
    0x1e, 0x00, 0x00, 0x00, 0xb3, 0x6f, 0x00, 0x00, 0x27, 0xf6, 0xe8, 0x79,
    0x88, 0x82, 0x00, 0xf3, 0x45, 0x00, 0x00, 0x00, 0x00, 0x00, 0x00, 0x1f,
    0xa7, 0xc6, 0x25, 0xda, 0x50, 0x00, 0x4f, 0xdb, 0xae, 0x54, 0x49, 0xb2,
    0x00, 0x00, 0x00, 0x00, 0x00, 0x00, 0x00, 0x00, 0x00, 0x00, 0x00, 0x00,
    0x00, 0x00, 0x00, 0x00, 0x00, 0x00, 0x00, 0x13, 0xc0, 0xb0, 0x05, 0x00,
    0x00, 0x55, 0x85, 0x00, 0x00, 0x00, 0x70, 0xf9, 0xfb, 0xff, 0xff, 0xfa,
    0x00, 0x0a, 0xa0, 0xbb, 0x90, 0x04, 0x00, 0x00, 0x00, 0x29, 0xfd, 0x30,
    0x00, 0x44, 0xd3, 0xd3, 0x84, 0x03, 0x00, 0x14, 0xae, 0xf4, 0x93, 0x01,
    0x00, 0x00, 0x79, 0x2e, 0x00, 0x00, 0x00, 0x45, 0xae, 0xf1, 0x55, 0x00,
    0x09, 0xb7, 0xeb, 0x9d, 0x04, 0x00, 0x00, 0x00, 0x00, 0x22, 0x00, 0x00,
    0x00, 0x00, 0x00, 0x00, 0x00, 0x00, 0x24, 0x00, 0x00, 0x00, 0x00, 0x00,
    0xf3, 0x3b, 0x00, 0x00, 0x00, 0x40, 0xb1, 0xe7, 0x4b, 0x00, 0x00, 0xa7,
    0x83, 0x00, 0x00, 0x00, 0x00, 0x00, 0x00, 0x00, 0x00, 0x00, 0x00, 0xd5,
    0x62, 0x00, 0x00, 0x00, 0x00, 0x00, 0x02, 0x00, 0x00, 0x00, 0x00, 0x00,
    0x00, 0x00, 0x00, 0x00, 0x00, 0x00, 0x00, 0x00, 0x00, 0x00, 0x00, 0x00,
    0x00, 0x00, 0x00, 0x00, 0x03, 0x00, 0x00, 0x00, 0x00, 0x01, 0x00, 0x00,
    0x00, 0x00, 0x03, 0x01, 0x00, 0x09, 0x0f, 0x0a, 0x00, 0x00, 0x00, 0x00,
    0x00, 0x00, 0x00, 0x00, 0x00, 0x00, 0x56, 0x02, 0x00, 0x00, 0x00, 0x00,
    0x00, 0x00, 0x00, 0x00, 0x00, 0x02, 0x00, 0x00, 0x00, 0x00, 0x04, 0x00,
    0x00, 0x00, 0x00, 0x00, 0x00, 0x03, 0x00, 0x00, 0x00, 0x00, 0x00, 0x00,
    0x00, 0x00, 0x00, 0x00, 0x00, 0x00, 0x00, 0x00, 0x00, 0x00, 0x00, 0x00,
    0x00, 0x00, 0x00, 0x00, 0x00, 0x00, 0x00, 0x00, 0xc7, 0x03, 0x00, 0x00,
    0x00, 0x00, 0x00, 0x02, 0x00, 0x00, 0x00, 0x01, 0x01, 0x00, 0x00, 0x00,
    0x00, 0x00, 0x00, 0x00, 0x00, 0x00, 0x00, 0xc0, 0xd9, 0x00, 0x00, 0x00,
    0x00, 0x00, 0x00, 0x00, 0x00, 0x00, 0x00, 0x00, 0x00, 0x00, 0x00, 0x00,
    0x00, 0x00, 0x00, 0x00, 0x00, 0x00, 0x00, 0x00, 0x00, 0x00, 0x00, 0x00,
    0x00, 0x00, 0x00, 0x00, 0x00, 0x00, 0x00, 0x00, 0x00, 0x00, 0x00, 0x00,
    0x00, 0x00, 0x00, 0x00, 0x00, 0x00, 0x00, 0x00, 0x00, 0x00, 0x00, 0x00,
    0x00, 0x00, 0x00, 0x00, 0x00, 0x00, 0x00, 0x00, 0x00, 0x00, 0x00, 0x00,
    0x00, 0x00, 0x00, 0x00, 0x00, 0x00, 0x00, 0x00, 0x00, 0x00, 0x00, 0x00,
    0x00, 0x00, 0x00, 0x00, 0x00, 0x00, 0x00, 0x00, 0x00, 0x00, 0x00, 0x00,
    0x00, 0x00, 0x00, 0x00, 0x00, 0x00, 0x00, 0x00, 0x00, 0x00, 0x00, 0x00,
    0x00, 0x00, 0x00, 0x00, 0x28, 0x00, 0x00, 0x00, 0x00, 0x00, 0x00, 0x00,
    0x00, 0x00, 0x00, 0x00, 0x00, 0x00, 0x00, 0x00, 0x00, 0x00, 0x00, 0x00,
    0x00, 0x00, 0x00, 0x40, 0x13, 0x00, 0x00, 0x00, 0x00, 0x00, 0x00, 0x00,
    0x00, 0x00, 0x00, 0x00, 0x00, 0x00, 0x00, 0x00, 0x00, 0x00, 0x00, 0x00,
    0x00, 0x00, 0x00, 0x00, 0x00, 0x00, 0x00, 0x00, 0x00, 0x00, 0x00, 0x00,
    0x00, 0x00, 0x00, 0x00, 0x00, 0x00, 0x00, 0x00, 0x00, 0x00, 0x00, 0x00,
    0x00, 0x00, 0x00, 0x00, 0x00, 0x00, 0x00, 0x00, 0x00, 0x00, 0x00, 0x00,
    0x00, 0x00, 0x00, 0x00, 0x00, 0x00, 0x00, 0x00, 0x00, 0x00, 0x00, 0x00,
    0x00, 0x00, 0x00, 0x00, 0x00, 0x00, 0x00, 0x00, 0x00, 0x00, 0x00, 0x00,
    0x00, 0x00, 0x00, 0x00, 0x00, 0x00, 0x00, 0x00, 0x00, 0x00, 0x00, 0x00,
    0x00, 0x00, 0x00, 0x00, 0x00, 0x00, 0x00, 0x00, 0x00, 0x00, 0x00, 0x00,
    0x00, 0x00, 0x00, 0x00, 0x00, 0x00, 0x00, 0x00, 0x00, 0x00, 0x00, 0x00,
    0x00, 0x00, 0x00, 0x00, 0x00, 0x00, 0x00, 0x00, 0x00, 0x00, 0x00, 0x00,
    0x00, 0x00, 0x00, 0x00, 0x00, 0x00, 0x00, 0x00, 0x00, 0x00, 0x00, 0x00,
    0x00, 0x00, 0x00, 0x00, 0x00, 0x00, 0x00, 0x00, 0x00, 0x00, 0x00, 0x00,
    0x00, 0x00, 0x00, 0x00, 0x00, 0x00, 0x00, 0x00, 0x00, 0x00, 0x00, 0x00,
    0x00, 0x00, 0x00, 0x00, 0x00, 0x00, 0x00, 0x00, 0x00, 0x00, 0x00, 0x00,
    0x00, 0x00, 0x00, 0x00, 0x00, 0x00, 0x00, 0x00, 0x00, 0x00, 0x00, 0x00,
    0x00, 0x00, 0x00, 0x00, 0x00, 0x00, 0x00, 0x00, 0x00, 0x00, 0x00, 0x00,
    0x00, 0x00, 0x00, 0x00, 0x00, 0x00, 0x00, 0x00, 0x00, 0x00, 0x00, 0x00,
    0x00, 0x00, 0x00, 0x00, 0x00, 0x00, 0x00, 0x00, 0x00, 0x00, 0x00, 0x00,
    0x00, 0x00, 0x00, 0x00, 0x00, 0x00, 0x00, 0x00, 0x00, 0x00, 0x00, 0x00,
    0x00, 0x00, 0x00, 0x00, 0x00, 0x00, 0x00, 0x00, 0x00, 0x00, 0x00, 0x00,
    0x00, 0x00, 0x00, 0x00, 0x00, 0x00, 0x00, 0x00, 0x00, 0x00, 0x00, 0x00,
    0x00, 0x00, 0x00, 0x00, 0x00, 0x00, 0x00, 0x00, 0x00, 0x00, 0x00, 0x00,
    0x00, 0x00, 0x00, 0x00, 0x00, 0x00, 0x00, 0x00, 0x00, 0x00, 0x00, 0x00,
    0x00, 0x00, 0x00, 0x00, 0x00, 0x00, 0x00, 0x00, 0x00, 0x00, 0x00, 0x00,
    0x00, 0x00, 0x00, 0x00, 0x00, 0x00, 0x00, 0x00, 0x00, 0x00, 0x00, 0x00,
    0x00, 0x00, 0x00, 0x00, 0x00, 0x00, 0x00, 0x00, 0x00, 0x00, 0x00, 0x00,
    0x00, 0x00, 0x00, 0x00, 0x00, 0x00, 0x00, 0x00, 0x00, 0x00, 0x00, 0x00,
    0x00, 0x00, 0x00, 0x00, 0x00, 0x00, 0x00, 0x00, 0x00, 0x00, 0x00, 0x00,
    0x00, 0x00, 0x00, 0x00, 0x00, 0x00, 0x00, 0x00, 0x00, 0x00, 0x00, 0x00,
    0x00, 0x00, 0x00, 0x00, 0x00, 0x00, 0x00, 0x00, 0x00, 0x00, 0x00, 0x00,
    0x00, 0x00, 0x00, 0x00, 0x00, 0x00, 0x00, 0x00, 0x00, 0x00, 0x00, 0x00,
    0x00, 0x00, 0x00, 0x00, 0x00, 0x00, 0x00, 0x00, 0x00, 0x00, 0x00, 0x00,
    0x00, 0x00, 0x00, 0x00, 0x00, 0x00, 0x02, 0x16, 0x00, 0x00, 0x00, 0x00,
    0x00, 0x00, 0x00, 0x00, 0x00, 0x00, 0x00, 0x00, 0x00, 0x00, 0x00, 0x00,
    0x00, 0x00, 0x00, 0x00, 0x00, 0x00, 0x00, 0x00, 0x00, 0x00, 0x00, 0x00,
    0x00, 0x00, 0x00, 0x00, 0x00, 0x00, 0x00, 0x00, 0x00, 0x00, 0x00, 0x00,
    0x00, 0x00, 0x00, 0x00, 0x00, 0x00, 0x00, 0x00, 0x00, 0x00, 0x00, 0x00,
    0x00, 0x00, 0x00, 0x00, 0x00, 0x00, 0x00, 0x00, 0x00, 0x00, 0x00, 0x00,
    0x00, 0x00, 0x00, 0x00, 0x00, 0x00, 0x00, 0x00, 0x00, 0x00, 0x00, 0x00,
    0x00, 0x00, 0x00, 0x00, 0x00, 0x00, 0x00, 0x00, 0x00, 0x00, 0x00, 0x00,
    0x1d, 0x00, 0x00, 0x00, 0x00, 0x00, 0x00, 0x00, 0x00, 0x00, 0x00, 0x00,
    0x00, 0x00, 0x00, 0x00, 0x00, 0x00, 0x00, 0x00, 0x00, 0x00, 0x00, 0x00,
    0x00, 0x00, 0x00, 0x00, 0x00, 0x00, 0x00, 0x00, 0x00, 0x00, 0x00, 0x00,
    0x00, 0x00, 0x86, 0xe6, 0x00, 0x00, 0x00, 0x00, 0x00, 0x00, 0x00, 0x00,
    0x00, 0x00, 0x00, 0x00, 0x00, 0x00, 0x00, 0x00, 0x00, 0x00, 0x00, 0x00,
    0x00, 0x00, 0x00, 0x00, 0x00, 0x00, 0x00, 0x00, 0x00, 0x00, 0x00, 0x00,
    0x00, 0x00, 0x00, 0x00, 0x00, 0x00, 0x00, 0x00, 0x00, 0x00, 0x00, 0x00,
    0x00, 0x00, 0x00, 0x00, 0x00, 0x00, 0x00, 0x00, 0x00, 0x00, 0x00, 0x00,
    0x00, 0x00, 0x00, 0x00, 0x00, 0x00, 0x00, 0x00, 0x00, 0x00, 0x00, 0x00,
    0x00, 0x00, 0x00, 0x00, 0x00, 0x00, 0x00, 0x00, 0x00, 0x00, 0x00, 0x06,
    0x02, 0x04, 0x00, 0x00, 0x00, 0x00, 0x00, 0x00, 0xca, 0x08, 0x00, 0x00,
    0x00, 0x00, 0x00, 0x00, 0x00, 0x00, 0x00, 0x00, 0x00, 0x00, 0x00, 0x00,
    0x37, 0x56, 0x00, 0x00, 0x00, 0x00, 0x00, 0x00, 0x51, 0xc5, 0xab, 0x16,
    0x2d, 0xd8, 0xd8, 0xd7, 0xd6, 0xd2, 0x4b, 0xac, 0x06, 0x00, 0x19, 0xed,
    0x0b, 0xce, 0xe8, 0xe9, 0xea, 0xeb, 0x00, 0x00, 0x00, 0x00, 0x00, 0x00,
    0x00, 0x00, 0x00, 0x00, 0x00, 0x00, 0x00, 0x00, 0x00, 0x00, 0x00, 0x00,
    0x00, 0x00, 0x00, 0x00, 0x00, 0x00, 0x00, 0x00, 0x00, 0x00, 0x00, 0x05,
    0x53, 0x90, 0x00, 0x00, 0x00, 0x00, 0x00, 0x00, 0x00, 0x00, 0x00, 0x00,
    0x00, 0x00, 0x00, 0x00, 0x00, 0x00, 0x00, 0x00, 0x00, 0x00, 0x00, 0x00,
    0x00, 0x00, 0x00, 0x00, 0x00, 0x00, 0x00, 0x00, 0x00, 0x00, 0x00, 0x00,
    0x00, 0x0d, 0x46, 0x3d, 0x3d, 0x3d, 0x93, 0x91, 0xb7, 0x6c, 0x00, 0x0e,
    0x1d, 0x92, 0xe3, 0x8f, 0xcf, 0x4d, 0x00, 0x00, 0x00, 0x00, 0x00, 0x00,
    0x00, 0x00, 0x00, 0x00, 0x00, 0x00, 0x00, 0x00, 0x66, 0xd9, 0x00, 0x00,
    0x00, 0x00, 0x00, 0x58, 0x8e, 0x5a, 0xdd, 0x94, 0x48, 0x4e, 0x4c, 0xe1,
    0x4a, 0x34, 0x3e, 0xca, 0x86, 0x00, 0x01, 0xcd, 0x4f, 0x69, 0x49, 0x44,
    0x54, 0xb8, 0x00, 0x00, 0x00, 0x00, 0x00, 0x00, 0x00, 0x00, 0x00, 0x00,
    0x00, 0x00, 0x00, 0x00, 0x00, 0x00, 0x00, 0x00, 0x00, 0x00, 0x00, 0x00,
    0x00, 0x00, 0x00, 0x00, 0x00, 0x00, 0x00, 0x6b, 0x7f, 0xd8, 0x00, 0x00,
    0x00, 0x00, 0x00, 0x00, 0x00, 0x00, 0x00, 0x00, 0x00, 0x00, 0x00, 0x00,
    0x00, 0x00, 0x00, 0x00, 0x00, 0x00, 0x00, 0x00, 0x00, 0x00, 0x00, 0x00,
    0x00, 0x00, 0x00, 0x00, 0x00, 0x00, 0x00, 0x00, 0x00, 0x19, 0x24, 0x00,
    0x00, 0x00, 0x6d, 0x73, 0x8b, 0x55, 0x00, 0x70, 0xdd, 0x2f, 0x3d, 0xfc,
    0x8b, 0x86, 0x00, 0x00, 0x00, 0x00, 0x00, 0x00, 0x00, 0x00, 0x00, 0x00,
    0x00, 0x00, 0x00, 0x00, 0x34, 0xff, 0x02, 0x00, 0x00, 0x00, 0x00, 0xd4,
    0x28, 0x00, 0x36, 0x0f, 0x00, 0x00, 0x47, 0xf9, 0x00, 0x00, 0x00, 0x2c,
    0xf3, 0x2c, 0x5f, 0x75, 0x00, 0x00, 0x00, 0x00, 0x95, 0x31, 0x00, 0x00,
    0x00, 0x00, 0x00, 0x00, 0x00, 0x00, 0x00, 0x00, 0x00, 0x00, 0x00, 0x00,
    0x00, 0x00, 0x00, 0x00, 0x00, 0x00, 0x00, 0x00, 0x00, 0x00, 0x00, 0x00,
    0x00, 0x00, 0x00, 0x25, 0x5b, 0xd3, 0x00, 0x00, 0x00, 0x00, 0x00, 0x00,
    0x00, 0x00, 0x03, 0x02, 0x00, 0x00, 0x00, 0x00, 0x00, 0x00, 0x00, 0x00,
    0x00, 0x00, 0x00, 0x00, 0x00, 0x00, 0x00, 0x00, 0x00, 0x00, 0x00, 0x00,
    0x00, 0x00, 0x00, 0x00, 0x00, 0x19, 0x24, 0x00, 0x00, 0x00, 0x0b, 0x00,
    0x0b, 0x00, 0x00, 0x00, 0x13, 0x00, 0x00, 0xac, 0x46, 0xbf, 0x00, 0x00,
    0x00, 0x00, 0x00, 0x00, 0x00, 0x00, 0x00, 0x00, 0x00, 0x00, 0x00, 0x00,
    0x32, 0xff, 0x03, 0x00, 0x00, 0x00, 0x00, 0xd8, 0xab, 0x14, 0x00, 0x00,
    0x00, 0x00, 0x4e, 0xf6, 0x00, 0x00, 0x00, 0x00, 0x7c, 0xca, 0x8e, 0x00,
    0x00, 0x00, 0x00, 0x2b, 0x9f, 0x00, 0x00, 0x00, 0x00, 0x00, 0x00, 0x00,
    0x00, 0x00, 0x00, 0x00, 0x00, 0x00, 0x00, 0x0d, 0x54, 0x82, 0x68, 0x08,
    0x00, 0x00, 0x26, 0x78, 0x22, 0x00, 0x00, 0x00, 0x0f, 0x5f, 0x53, 0x77,
    0x5d, 0xcf, 0x4b, 0x91, 0x41, 0x00, 0x26, 0x6d, 0x00, 0x3c, 0xe6, 0xa4,
    0x1c, 0x99, 0x20, 0x00, 0x80, 0xa8, 0x48, 0x59, 0x00, 0x00, 0x3d, 0x73,
    0x00, 0x00, 0x00, 0x00, 0x00, 0x00, 0x00, 0x00, 0x00, 0x00, 0x00, 0x00,
    0x00, 0x19, 0x24, 0x00, 0x00, 0x00, 0x00, 0x00, 0x00, 0x00, 0x00, 0x00,
    0x00, 0x00, 0x2a, 0xc8, 0x09, 0xec, 0x04, 0x00, 0x00, 0x00, 0x22, 0x89,
    0x6b, 0x00, 0x02, 0x5c, 0xa0, 0x78, 0x00, 0x00, 0x34, 0xff, 0x03, 0x00,
    0x00, 0x00, 0x00, 0x49, 0xe1, 0xf1, 0x88, 0x17, 0x00, 0x00, 0x4d, 0xf3,
    0x00, 0x00, 0x00, 0x00, 0x0c, 0xff, 0x0e, 0x00, 0x00, 0x92, 0xb4, 0xdf,
    0x9a, 0x5d, 0x00, 0x00, 0x00, 0x00, 0x00, 0x00, 0x00, 0x00, 0x00, 0x00,
    0x00, 0x00, 0x00, 0xdb, 0x14, 0x08, 0xac, 0x70, 0x00, 0x54, 0x36, 0x8b,
    0xe6, 0x13, 0x00, 0x43, 0x54, 0x2e, 0xb0, 0xec, 0x60, 0xeb, 0x43, 0x75,
    0xe2, 0x00, 0x6c, 0xfd, 0x36, 0x04, 0x17, 0xee, 0x40, 0xb6, 0xc2, 0x18,
    0x8e, 0x95, 0x84, 0xcf, 0x00, 0x00, 0x59, 0xd4, 0x00, 0x00, 0x00, 0x00,
    0x00, 0x00, 0x00, 0x00, 0x00, 0x00, 0x00, 0x00, 0x00, 0x19, 0x24, 0x00,
    0x00, 0x00, 0x00, 0x00, 0x00, 0x00, 0x00, 0x00, 0x00, 0x3c, 0x7d, 0x0d,
    0x00, 0xbc, 0x32, 0x00, 0x00, 0x40, 0x89, 0x87, 0xf9, 0x00, 0xa4, 0x53,
    0x4c, 0xd9, 0x00, 0x00, 0x35, 0xff, 0x04, 0x00, 0x00, 0x00, 0x00, 0x05,
    0x08, 0x74, 0xee, 0xeb, 0x00, 0x00, 0x4b, 0xf0, 0x00, 0x00, 0x00, 0x00,
    0x09, 0xff, 0x0b, 0x00, 0x01, 0x11, 0x5b, 0x8a, 0x0f, 0x10, 0x00, 0x00,
    0x00, 0x00, 0x00, 0x00, 0x00, 0x00, 0x00, 0x00, 0x00, 0x00, 0x10, 0x4d,
    0x51, 0x47, 0x82, 0xb9, 0x29, 0x54, 0x00, 0x23, 0xde, 0x03, 0x0a, 0xa9,
    0x00, 0x00, 0x1f, 0xff, 0x61, 0xd6, 0x00, 0x63, 0x7f, 0x00, 0x00, 0xa4,
    0xb4, 0x00, 0x00, 0xa6, 0x00, 0x10, 0xe1, 0x9d, 0x74, 0x01, 0x49, 0xda,
    0x00, 0x00, 0x2a, 0xe9, 0x00, 0x00, 0x00, 0x00, 0x00, 0x00, 0x00, 0x00,
    0x00, 0x00, 0x00, 0x00, 0x00, 0x19, 0x24, 0x00, 0x00, 0x00, 0x00, 0x00,
    0x00, 0x00, 0x00, 0x00, 0x1a, 0xf8, 0x1f, 0x00, 0x00, 0x81, 0x6c, 0x00,
    0x0f, 0x64, 0x00, 0x00, 0x4a, 0x18, 0xfb, 0x5f, 0x0a, 0x07, 0x00, 0x00,
    0x37, 0xff, 0x04, 0x00, 0x00, 0x00, 0x42, 0x6b, 0x00, 0x00, 0x17, 0xee,
    0x00, 0x00, 0x4a, 0xed, 0x00, 0x00, 0x00, 0x00, 0x09, 0xff, 0x0c, 0x00,
    0x00, 0x12, 0xcd, 0x0c, 0x00, 0x00, 0x00, 0x00, 0x00, 0x00, 0x00, 0x00,
    0x00, 0x00, 0x00, 0x00, 0x00, 0x00, 0x15, 0x73, 0x51, 0x9a, 0xdd, 0xb9,
    0x8b, 0x48, 0x19, 0x79, 0x18, 0x00, 0x56, 0xd7, 0x02, 0x00, 0x1a, 0xd2,
    0x61, 0xe5, 0x9c, 0xf0, 0x31, 0x00, 0x00, 0x28, 0xfc, 0x33, 0x00, 0x78,
    0x00, 0x00, 0x80, 0xf9, 0x37, 0x00, 0x42, 0xda, 0x00, 0x00, 0x2a, 0xea,
    0x00, 0x00, 0x00, 0x00, 0x00, 0x00, 0x00, 0x00, 0x00, 0x00, 0x00, 0x00,
    0x00, 0x19, 0x24, 0x00, 0x00, 0x00, 0x00, 0x00, 0x00, 0x00, 0x00, 0x00,
    0x23, 0xf6, 0x15, 0x00, 0x00, 0x4e, 0xb0, 0x00, 0x82, 0x74, 0x00, 0x00,
    0x00, 0x00, 0x86, 0xf1, 0xf3, 0xa2, 0x00, 0x00, 0x39, 0xff, 0x05, 0x00,
    0x00, 0x00, 0x87, 0xb3, 0x03, 0x00, 0x00, 0xc9, 0x00, 0x00, 0x49, 0xee,
    0x00, 0x00, 0x00, 0x00, 0x09, 0xff, 0x0e, 0x00, 0x00, 0x9c, 0x55, 0x00,
    0x00, 0x00, 0x00, 0x00, 0x00, 0x00, 0x00, 0x00, 0x00, 0x00, 0x00, 0x00,
    0x00, 0x00, 0x6e, 0x42, 0x00, 0x00, 0x5c, 0xba, 0x7c, 0xbc, 0x65, 0x03,
    0x00, 0x0a, 0x1d, 0xf7, 0xa9, 0x4d, 0xab, 0x70, 0x60, 0xde, 0x05, 0x6e,
    0xe5, 0x1c, 0x00, 0x00, 0xa6, 0xb0, 0x0b, 0xb0, 0x00, 0x6c, 0x38, 0x80,
    0xdb, 0x0c, 0x43, 0xd9, 0x00, 0x00, 0x2b, 0xea, 0x00, 0x00, 0x00, 0x00,
    0x00, 0x00, 0x00, 0x00, 0x00, 0x00, 0x00, 0x00, 0x00, 0x19, 0x24, 0x00,
    0x00, 0x00, 0x00, 0x00, 0x00, 0x00, 0x00, 0x00, 0x17, 0x4f, 0x13, 0x00,
    0x00, 0x1a, 0xf1, 0x05, 0x5b, 0xd4, 0x04, 0x00, 0x00, 0x2a, 0x2c, 0x0d,
    0x58, 0xc9, 0x00, 0x00, 0x28, 0xff, 0x7a, 0xc3, 0x74, 0x11, 0x2b, 0xf0,
    0xb2, 0x47, 0x6d, 0x83, 0x00, 0x00, 0x40, 0xff, 0x28, 0x00, 0x00, 0x00,
    0x03, 0xee, 0x2b, 0x00, 0x28, 0xf0, 0x7d, 0x64, 0x4d, 0x63, 0x00, 0x00,
    0x00, 0x00, 0x00, 0x00, 0x00, 0x00, 0x00, 0x00, 0x00, 0x00, 0x83, 0xbb,
    0x14, 0x21, 0xa5, 0xdf, 0x46, 0xf2, 0x56, 0x0f, 0x85, 0x37, 0x00, 0x4b,
    0x66, 0x6a, 0xdc, 0xff, 0x5a, 0xec, 0x15, 0x00, 0xac, 0xb8, 0x00, 0x00,
    0x2a, 0xfc, 0x99, 0x21, 0x54, 0x90, 0x02, 0x04, 0xc4, 0xaf, 0x21, 0xf3,
    0x3a, 0x00, 0x6d, 0xeb, 0x00, 0x00, 0x00, 0x00, 0x00, 0x00, 0x00, 0x00,
    0x00, 0x00, 0x00, 0x00, 0x00, 0x19, 0x24, 0x00, 0x00, 0x00, 0x00, 0x00,
    0x00, 0x00, 0x00, 0x00, 0x08, 0xe3, 0x27, 0x00, 0x00, 0x00, 0xe5, 0x3c,
    0x14, 0xfb, 0xa4, 0x31, 0x5f, 0x83, 0xc7, 0x23, 0x00, 0x3b, 0x00, 0x00,
    0x00, 0xad, 0x58, 0x77, 0xe0, 0x47, 0x00, 0x30, 0xb7, 0xe5, 0x6b, 0x00,
    0x00, 0x00, 0x02, 0xbe, 0x42, 0x00, 0x00, 0x00, 0x00, 0x8d, 0x4f, 0x00,
    0x9c, 0xff, 0xfe, 0xfd, 0xff, 0xd3, 0x00, 0x00, 0x00, 0x00, 0x00, 0x00,
    0x00, 0x00, 0x00, 0x00, 0x00, 0x00, 0x0c, 0xb2, 0xed, 0x9c, 0x16, 0xc6,
    0x00, 0x46, 0xd8, 0xa8, 0x4a, 0x00, 0x01, 0x2b, 0x00, 0x00, 0x02, 0x3d,
    0x23, 0xda, 0x3d, 0x00, 0x11, 0xc2, 0x00, 0x00, 0x00, 0xa7, 0x4d, 0x00,
    0x5d, 0xdc, 0x16, 0x00, 0x20, 0xc9, 0x00, 0x85, 0xd3, 0x88, 0x69, 0xea,
    0x00, 0x00, 0x00, 0x00, 0x00, 0x00, 0x00, 0x00, 0x00, 0x00, 0x00, 0x00,
    0x00, 0x19, 0x58, 0x3d, 0x3d, 0x3d, 0x00, 0x00, 0x00, 0x00, 0x00, 0x00,
    0x0b, 0xbd, 0x0d, 0x00, 0x00, 0x00, 0xb1, 0x82, 0x00, 0x4d, 0xdc, 0xdf,
    0x59, 0x0a, 0xa4, 0xf9, 0xd2, 0x85, 0x00, 0x00, 0x00, 0x00, 0x00, 0x00,
    0x01, 0x00, 0x00, 0x00, 0x00, 0x00, 0x00, 0x00, 0x00, 0x00, 0x00, 0x01,
    0x00, 0x00, 0x00, 0x00, 0x00, 0x01, 0x00, 0x00, 0x02, 0x03, 0x00, 0x01,
    0x10, 0x02, 0x00, 0x00, 0x00, 0x00, 0x00, 0x00, 0x00, 0x00, 0x00, 0x00,
    0x00, 0x00, 0x00, 0x00, 0x02, 0x00, 0x00, 0x02, 0x00, 0x00, 0x00, 0x00,
    0x00, 0x00, 0x8f, 0xa9, 0x06, 0x00, 0x00, 0x36, 0x00, 0x02, 0x00, 0x00,
    0x00, 0x00, 0x00, 0x00, 0x00, 0x01, 0x00, 0x00, 0x00, 0x02, 0x00, 0x00,
    0x00, 0x00, 0x10, 0x26, 0x00, 0x02, 0x3e, 0xa4, 0x00, 0x00, 0x00, 0x00,
    0x00, 0x00, 0x00, 0x00, 0x00, 0x00, 0x00, 0x00, 0x00, 0x00, 0x00, 0x00,
    0x00, 0x00, 0x00, 0x00, 0x00, 0x00, 0x00, 0x00, 0x01, 0x01, 0x00, 0x00,
    0x00, 0x00, 0x42, 0xc7, 0x00, 0x00, 0x00, 0x01, 0x00, 0x00, 0x00, 0x08,
    0x0b, 0x00, 0x00, 0x00, 0x00, 0x00, 0x00, 0x00, 0x00, 0x00, 0x00, 0x00,
    0x00, 0x00, 0x00, 0x00, 0x00, 0x00, 0x00, 0x00, 0x00, 0x00, 0x00, 0x00,
    0x00, 0x00, 0x00, 0x00, 0x00, 0x00, 0x00, 0x00, 0x00, 0x00, 0x00, 0x00,
    0x00, 0x00, 0x00, 0x00, 0x00, 0x00, 0x00, 0x00, 0x00, 0x00, 0x00, 0x00,
    0x00, 0x00, 0x00, 0x00, 0x00, 0x00, 0x00, 0x00, 0x00, 0x00, 0x12, 0xbc,
    0xf2, 0xac, 0xa4, 0xa3, 0x00, 0x00, 0x00, 0x00, 0x00, 0x00, 0x00, 0x00,
    0x00, 0x00, 0x00, 0x00, 0x00, 0x00, 0x00, 0x00, 0x00, 0x00, 0x69, 0xf9,
    0x8f, 0x44, 0x81, 0x2f, 0x00, 0x00, 0x00, 0x00, 0x00, 0x00, 0x00, 0x00,
    0x00, 0x00, 0x00, 0x00, 0x00, 0x00, 0x00, 0x00, 0x00, 0x00, 0x00, 0x00,
    0x00, 0x00, 0x00, 0x00, 0x00, 0x00, 0x00, 0x00, 0x00, 0x00, 0x00, 0x92,
    0x00, 0x00, 0x00, 0x00, 0x00, 0x00, 0x00, 0x00, 0x00, 0x00, 0x00, 0x00,
    0x00, 0x00, 0x00, 0x00, 0x00, 0x00, 0x00, 0x00, 0x00, 0x00, 0x00, 0x00,
    0x00, 0x00, 0x00, 0x00, 0x00, 0x00, 0x00, 0x00, 0x00, 0x00, 0x00, 0x00,
    0x00, 0x00, 0x00, 0x00, 0x00, 0x00, 0x00, 0x00, 0x00, 0x00, 0x00, 0x00,
    0x00, 0x00, 0x00, 0x00, 0x00, 0x00, 0x00, 0x00, 0x00, 0x00, 0x00, 0x00,
    0x00, 0x00, 0x00, 0x00, 0x00, 0x00, 0x00, 0x04, 0x61, 0x58, 0x39, 0x00,
    0x00, 0x00, 0x00, 0x00, 0x00, 0x00, 0x00, 0x00, 0x00, 0x00, 0x00, 0x00,
    0x00, 0x00, 0x00, 0x00, 0x00, 0x00, 0x00, 0x4b, 0x8e, 0x6c, 0x07, 0x00,
    0x00, 0x00, 0x00, 0x00, 0x00, 0x00, 0x00, 0x00, 0x00, 0x00, 0x00, 0x00,
    0x00, 0x00, 0x00, 0x00, 0x00, 0x00, 0x00, 0x00, 0x00, 0x00, 0x00, 0x00,
    0x00, 0x00, 0x00, 0x00, 0x00, 0x00, 0x00, 0x00, 0x00, 0x00, 0x00, 0x00,
    0x00, 0x00, 0x00, 0x00, 0x00, 0x00, 0x00, 0x00, 0x00, 0x00, 0x00, 0x00,
    0x00, 0x00, 0x00, 0x00, 0x00, 0x00, 0x00, 0x00, 0x00, 0x00, 0x00, 0x00,
    0x00, 0x00, 0x00, 0x00, 0x00, 0x00, 0x00, 0x00, 0x00, 0x00, 0x00, 0x00,
    0x00, 0x00, 0x00, 0x00, 0x00, 0x00, 0x00, 0x00, 0x00, 0x00, 0x00, 0x00,
    0x00, 0x00, 0x00, 0x00, 0x00, 0x00, 0x00, 0x00, 0x00, 0x00, 0x00, 0x00,
    0x00, 0x00, 0x00, 0x00, 0x00, 0x00, 0x00, 0x00, 0x00, 0x00, 0x00, 0x00,
    0x00, 0x00, 0x00, 0x00, 0x00, 0x00, 0x00, 0x00, 0x00, 0x00, 0x00, 0x00,
    0x00, 0x00, 0x00, 0x00, 0x00, 0x00, 0x00, 0x00, 0x00, 0x00, 0x00, 0x00,
    0x00, 0x00, 0x00, 0x00, 0x00, 0x00, 0x00, 0x00, 0x00, 0x00, 0x00, 0x00,
    0x00, 0x00, 0x00, 0x00, 0x00, 0x00, 0x00, 0x00, 0x00, 0x00, 0x00, 0x00,
    0x00, 0x00, 0x00, 0x00, 0x00, 0x00, 0x00, 0x00, 0x00, 0x00, 0x00, 0x00,
    0x00, 0x00, 0x00, 0x00, 0x00, 0x00, 0x00, 0x00, 0x00, 0x00, 0x00, 0x00,
    0x00, 0x00, 0x00, 0x00, 0x00, 0x00, 0x00, 0x00, 0x00, 0x00, 0x00, 0x00,
    0x00, 0x00, 0x00, 0x00, 0x00, 0x00, 0x00, 0x00, 0x00, 0x00, 0x00, 0x00,
    0x00, 0x00, 0x00, 0x00, 0x00, 0x00, 0x00, 0x00, 0x00, 0x00, 0x00, 0x00,
    0x00, 0x00, 0x00, 0x00, 0x00, 0x00, 0x00, 0x00, 0x00, 0x00, 0x00, 0x00,
    0x00, 0x00, 0x00, 0x00, 0x00, 0x00, 0x00, 0x00, 0x00, 0x00, 0x00, 0x00,
    0x00, 0x00, 0x00, 0x00, 0x00, 0x00, 0x00, 0x00, 0x00, 0x00, 0x00, 0x00,
    0x00, 0x00, 0x00, 0x00, 0x00, 0x00, 0x00, 0x00, 0x00, 0x00, 0x00, 0x00,
    0x00, 0x00, 0x00, 0x00, 0x00, 0x00, 0x00, 0x00, 0x00, 0x00, 0x00, 0x00,
    0x00, 0x00, 0x00, 0x00, 0x00, 0x00, 0x00, 0x00, 0x00, 0x00, 0x00, 0x00,
    0x00, 0x00, 0x00, 0x00, 0x00, 0x00, 0x00, 0x00, 0x00, 0x00, 0x00, 0x00,
    0x00, 0x00, 0x00, 0x00, 0x00, 0x00, 0x00, 0x00, 0x00, 0x00, 0x00, 0x00,
    0x00, 0x00, 0x00, 0x00, 0x00, 0x00, 0x00, 0x00, 0x00, 0x00, 0x00, 0x00,
    0x00, 0x00, 0x00, 0x00, 0x00, 0x00, 0x00, 0x00, 0x00, 0x00, 0x00, 0x00,
    0x00, 0x00, 0x00, 0x00, 0x00, 0x00, 0x00, 0x00, 0x00, 0x00, 0x00, 0x00,
    0x00, 0x00, 0x00, 0x00, 0x00, 0x00, 0x00, 0x00, 0x00, 0x00, 0x00, 0x00,
    0x00, 0x00, 0x00, 0x00, 0x00, 0x00, 0x00, 0x00, 0x00, 0x00, 0x00, 0x00,
    0x00, 0x00, 0x00, 0x00, 0x00, 0x00, 0x00, 0x00, 0x00, 0x00, 0x00, 0x00,
    0x00, 0x00, 0x00, 0x00, 0x00, 0x00, 0x00, 0x00, 0x00, 0x00, 0x00, 0x00,
    0x00, 0x00, 0x00, 0x00, 0x00, 0x00, 0x00, 0x00, 0x00, 0x00, 0x00, 0x00,
    0x00, 0x00, 0x00, 0x00, 0x00, 0x00, 0x00, 0x00, 0x00, 0x00, 0x00, 0x00,
    0x00, 0x00, 0x00, 0x00, 0x00, 0x00, 0x00, 0x00, 0x00, 0x00, 0x00, 0x00,
    0x00, 0x00, 0x00, 0x00, 0x00, 0x00, 0x00, 0x00, 0x00, 0x00, 0x00, 0x00,
    0x00, 0x00, 0x00, 0x00, 0x00, 0x00, 0x00, 0x00, 0x00, 0x00, 0x00, 0x00,
    0x00, 0x00, 0x00, 0x00, 0x00, 0x00, 0x00, 0x00, 0x00, 0x00, 0x00, 0x00,
    0x00, 0x00, 0x00, 0x00, 0x00, 0x00, 0x00, 0x00, 0x00, 0x00, 0x00, 0x00,
    0x00, 0x00, 0x00, 0x00, 0x00, 0x00, 0x00, 0x00, 0x00, 0x00, 0x00, 0x00,
    0x00, 0x00, 0x00, 0x00, 0x00, 0x00, 0x00, 0x00, 0x00, 0x00, 0x00, 0x06,
    0x00, 0x00, 0x00, 0x00, 0x00, 0x00, 0x00, 0x00, 0x00, 0x00, 0x00, 0x00,
    0x00, 0x00, 0x00, 0x00, 0x00, 0x00, 0x00, 0x00, 0x00, 0x00, 0x00, 0x00,
    0x00, 0x00, 0x00, 0x00, 0x00, 0x00, 0x00, 0x00, 0x00, 0x00, 0x00, 0x00,
    0x00, 0x00, 0x00, 0x00, 0x00, 0x00, 0x00, 0x00, 0x00, 0x00, 0x00, 0x00,
    0x00, 0x00, 0x00, 0x00, 0x00, 0x00, 0x00, 0x00, 0x00, 0x00, 0x00, 0x00,
    0x00, 0x24, 0xae, 0x00, 0x00, 0x00, 0x00, 0x00, 0x0a, 0x27, 0x00, 0x00,
    0x00, 0x00, 0x00, 0x00, 0x00, 0x00, 0x00, 0x34, 0x4e, 0x00, 0x00, 0x00,
    0x33, 0x53, 0x11, 0x00, 0x00, 0x00, 0x00, 0x00, 0x00, 0x00, 0x00, 0x00,
    0x00, 0x00, 0x00, 0x00, 0x00, 0x00, 0x00, 0x07, 0x98, 0x16, 0x00, 0x1d,
    0x96, 0x00, 0x02, 0x5a, 0x31, 0x70, 0x00, 0x15, 0x8a, 0x07, 0x15, 0x8a,
    0x07, 0x26, 0x9e, 0x00, 0x00, 0x00, 0x93, 0x90, 0x00, 0x00, 0x00, 0x00,
    0x00, 0x00, 0x00, 0x00, 0x00, 0x00, 0x00, 0x00, 0x00, 0x00, 0x00, 0x00,
    0x00, 0x00, 0x00, 0x00, 0x00, 0x00, 0x00, 0x00, 0x00, 0x00, 0x00, 0x00,
    0x00, 0x00, 0x00, 0x00, 0x00, 0x00, 0x00, 0x00, 0x00, 0x00, 0x00, 0x00,
    0x00, 0x00, 0x00, 0x00, 0x00, 0x00, 0x00, 0x00, 0x00, 0x00, 0x00, 0x00,
    0x00, 0x00, 0x00, 0x00, 0x00, 0x00, 0x00, 0x00, 0x04, 0x9a, 0x0d, 0x00,
    0x00, 0x00, 0x00, 0x00, 0x6e, 0xac, 0x00, 0x00, 0x00, 0x00, 0x00, 0x00,
    0x00, 0x00, 0x00, 0x9b, 0xb7, 0x00, 0x00, 0x54, 0x19, 0xc4, 0x7d, 0x00,
    0x00, 0x00, 0x00, 0x00, 0x00, 0x00, 0x00, 0x00, 0x00, 0x00, 0x00, 0x00,
    0x00, 0x00, 0x00, 0x34, 0xff, 0x44, 0x00, 0x87, 0x84, 0x00, 0x70, 0x1e,
    0x2a, 0xe2, 0x00, 0x1c, 0xa8, 0x02, 0x1c, 0xa8, 0x02, 0x2a, 0xfb, 0x07,
    0x00, 0x00, 0x6d, 0x73, 0x00, 0x00, 0x00, 0x00, 0x00, 0x00, 0x00, 0x00,
    0x00, 0x00, 0x00, 0x00, 0x00, 0x00, 0x00, 0x00, 0x00, 0x00, 0x00, 0x00,
    0x00, 0x00, 0x00, 0x00, 0x00, 0x00, 0x00, 0x00, 0x00, 0x00, 0x00, 0x00,
    0x00, 0x00, 0x00, 0x00, 0x00, 0x00, 0x00, 0x00, 0x00, 0x00, 0x00, 0x00,
    0x00, 0x00, 0x00, 0x00, 0x00, 0x00, 0x00, 0x00, 0x00, 0x00, 0x00, 0x00,
    0x00, 0x00, 0x00, 0x00, 0x5b, 0x99, 0x00, 0x00, 0x00, 0x00, 0x00, 0x00,
    0x4c, 0xb9, 0x00, 0x00, 0x00, 0x00, 0x00, 0x00, 0x00, 0x00, 0x00, 0x8b,
    0xc0, 0x00, 0x05, 0x87, 0x00, 0x3b, 0xe8, 0x0a, 0x00, 0x00, 0x00, 0x00,
    0x00, 0x00, 0x00, 0x00, 0x00, 0x00, 0x00, 0x00, 0x00, 0x00, 0x00, 0x00,
    0xfa, 0x42, 0x00, 0x00, 0x00, 0x01, 0xa8, 0x00, 0x02, 0xf1, 0x00, 0x00,
    0x00, 0x00, 0x00, 0x00, 0x00, 0x10, 0xff, 0x07, 0x00, 0x00, 0x0b, 0x00,
    0x00, 0x00, 0x00, 0x00, 0x00, 0x00, 0x00, 0x00, 0x00, 0x00, 0x00, 0x00,
    0x00, 0x00, 0x00, 0x00, 0x00, 0x00, 0x00, 0x00, 0x00, 0x00, 0x00, 0x00,
    0x00, 0x00, 0x00, 0x00, 0x00, 0x00, 0x00, 0x00, 0x00, 0x00, 0x00, 0x00,
    0x00, 0x00, 0x00, 0x00, 0x00, 0x00, 0x00, 0x00, 0x00, 0x00, 0x00, 0x00,
    0x00, 0x00, 0x0e, 0xad, 0xb5, 0xb5, 0xb3, 0x00, 0x00, 0x00, 0x00, 0x00,
    0x69, 0xb1, 0x1a, 0x1d, 0x63, 0x17, 0x9b, 0x20, 0xb6, 0xe0, 0x90, 0x00,
    0x00, 0x00, 0x00, 0x00, 0x00, 0x00, 0x00, 0x77, 0xba, 0x00, 0x48, 0x59,
    0x00, 0x00, 0xac, 0x4d, 0x00, 0x00, 0x00, 0x00, 0x00, 0x00, 0x00, 0x00,
    0x00, 0x00, 0x00, 0x00, 0x00, 0x00, 0x00, 0x00, 0xfc, 0x3f, 0x00, 0x00,
    0x00, 0x22, 0xa7, 0x00, 0x00, 0xf2, 0x02, 0x06, 0x7c, 0x04, 0x0b, 0x85,
    0x0c, 0x17, 0xff, 0x02, 0x00, 0x00, 0x00, 0x00, 0x00, 0x00, 0x00, 0x00,
    0x00, 0x00, 0x00, 0x00, 0x00, 0x00, 0x00, 0x00, 0x00, 0x00, 0x00, 0x00,
    0x00, 0x00, 0x00, 0x00, 0x00, 0x00, 0x00, 0x00, 0x00, 0x00, 0x00, 0x00,
    0x00, 0x00, 0x00, 0x00, 0x00, 0x00, 0x00, 0x00, 0x00, 0x00, 0x00, 0x00,
    0x00, 0x00, 0x00, 0x00, 0x00, 0x00, 0x00, 0x00, 0x00, 0x00, 0x39, 0x63,
    0x56, 0x75, 0x8f, 0x00, 0x00, 0x00, 0x00, 0x4f, 0xf9, 0xf8, 0xcb, 0x6b,
    0xee, 0x89, 0x93, 0x78, 0xa0, 0xc6, 0x3f, 0x00, 0x00, 0x00, 0x00, 0x00,
    0x00, 0x00, 0x00, 0x6c, 0xb5, 0x00, 0x96, 0x32, 0x00, 0x00, 0x71, 0x5f,
    0x00, 0x00, 0x00, 0x00, 0x0e, 0x10, 0x00, 0x00, 0x00, 0x00, 0x02, 0x00,
    0x00, 0x02, 0x00, 0x00, 0xfe, 0x3e, 0x00, 0x00, 0x00, 0x41, 0xb2, 0x00,
    0x00, 0xe6, 0x19, 0x21, 0xfe, 0x2a, 0x34, 0xfb, 0x43, 0x1d, 0xfb, 0x00,
    0x00, 0x00, 0x00, 0x00, 0x00, 0x00, 0x00, 0x00, 0x00, 0x00, 0x00, 0x00,
    0x00, 0x00, 0x00, 0x00, 0x00, 0x00, 0x00, 0x00, 0x00, 0x00, 0x00, 0x00,
    0x00, 0x00, 0x00, 0x00, 0x00, 0x00, 0x00, 0x00, 0x00, 0x00, 0x00, 0x00,
    0x00, 0x00, 0x00, 0x00, 0x00, 0x00, 0x00, 0x00, 0x00, 0x00, 0x00, 0x00,
    0x00, 0x00, 0x00, 0x00, 0x00, 0x00, 0x00, 0x00, 0x03, 0x9c, 0x09, 0x00,
    0x00, 0x00, 0x00, 0x3d, 0x66, 0xd7, 0x00, 0x19, 0xff, 0x10, 0x00, 0x00,
    0x6a, 0xa3, 0x00, 0x00, 0x00, 0x00, 0x00, 0x00, 0x00, 0x00, 0x00, 0x62,
    0xaf, 0x00, 0x94, 0x28, 0x00, 0x00, 0x4b, 0x6f, 0x00, 0x00, 0x00, 0x6e,
    0xff, 0xff, 0x00, 0x00, 0x00, 0x89, 0xae, 0x00, 0x89, 0xae, 0x00, 0x01,
    0xff, 0x3d, 0x00, 0x0f, 0x00, 0x71, 0x90, 0x00, 0x00, 0x8c, 0x85, 0x00,
    0xf8, 0x2c, 0x00, 0xef, 0x48, 0x23, 0xf5, 0x00, 0x00, 0x00, 0x00, 0x00,
    0x00, 0x00, 0x00, 0x00, 0x00, 0x00, 0x00, 0x00, 0x00, 0x00, 0x00, 0x00,
    0x00, 0x00, 0x00, 0x00, 0x00, 0x00, 0x00, 0x00, 0x00, 0x00, 0x00, 0x00,
    0x00, 0x00, 0x00, 0x00, 0x00, 0x00, 0x00, 0x00, 0x00, 0x00, 0x00, 0x00,
    0x00, 0x00, 0x00, 0x00, 0x00, 0x00, 0x00, 0x00, 0x00, 0x00, 0x00, 0x00,
    0x00, 0x00, 0x00, 0x00, 0x78, 0x35, 0x00, 0x00, 0x00, 0x00, 0x00, 0x00,
    0x43, 0xe9, 0x00, 0x17, 0xff, 0x12, 0x00, 0x00, 0x70, 0x9c, 0x00, 0x00,
    0x00, 0x00, 0x00, 0x00, 0x00, 0x00, 0x00, 0x58, 0xa9, 0x00, 0x84, 0x5b,
    0x00, 0x00, 0x69, 0x56, 0x00, 0x00, 0x00, 0x29, 0x10, 0x0b, 0x00, 0x00,
    0x00, 0x54, 0x55, 0x00, 0x54, 0x55, 0x00, 0x01, 0xff, 0x3e, 0x3d, 0x96,
    0x00, 0x4b, 0xc6, 0x00, 0x00, 0x8a, 0x3a, 0x00, 0xf5, 0x2b, 0x00, 0xe7,
    0x4d, 0x28, 0xf3, 0x00, 0x00, 0x00, 0x00, 0x00, 0x00, 0x00, 0x00, 0x00,
    0x00, 0x00, 0x00, 0x00, 0x00, 0x00, 0x00, 0x00, 0x00, 0x00, 0x00, 0x00,
    0x00, 0x00, 0x00, 0x00, 0x00, 0x00, 0x00, 0x00, 0x00, 0x00, 0x00, 0x00,
    0x00, 0x00, 0x00, 0x00, 0x00, 0x00, 0x00, 0x00, 0x00, 0x00, 0x00, 0x00,
    0x00, 0x00, 0x00, 0x00, 0x00, 0x00, 0x00, 0x00, 0x00, 0x00, 0x00, 0x35,
    0x7d, 0x00, 0x00, 0x00, 0x00, 0x00, 0x00, 0x00, 0x32, 0xfa, 0x00, 0x1b,
    0xff, 0x15, 0x00, 0x00, 0x73, 0xa1, 0x00, 0x00, 0x00, 0x00, 0x00, 0x00,
    0x00, 0x00, 0x00, 0x41, 0x63, 0x00, 0x64, 0xab, 0x00, 0x00, 0x87, 0x0a,
    0x00, 0x00, 0x00, 0x00, 0x00, 0x00, 0x00, 0x00, 0x00, 0x00, 0x00, 0x00,
    0x00, 0x00, 0x00, 0x00, 0xfe, 0x43, 0x7e, 0xc4, 0x01, 0x0c, 0xea, 0x00,
    0x00, 0x9e, 0x3d, 0x00, 0xf7, 0x2c, 0x00, 0xe5, 0x52, 0x2b, 0xfe, 0x04,
    0x00, 0x00, 0x00, 0x00, 0x00, 0x00, 0x00, 0x00, 0x00, 0x00, 0x00, 0x00,
    0x00, 0x00, 0x00, 0x00, 0x00, 0x00, 0x00, 0x00, 0x00, 0x00, 0x00, 0x00,
    0x00, 0x00, 0x00, 0x00, 0x00, 0x00, 0x00, 0x00, 0x00, 0x00, 0x00, 0x00,
    0x00, 0x00, 0x00, 0x00, 0x00, 0x00, 0x00, 0x00, 0x00, 0x00, 0x00, 0x00,
    0x00, 0x00, 0x00, 0x00, 0x00, 0x00, 0x06, 0xc5, 0x4d, 0x34, 0x3b, 0x00,
    0x00, 0x00, 0x00, 0x00, 0x22, 0xff, 0x0c, 0x16, 0xff, 0x58, 0x00, 0x00,
    0x64, 0xdf, 0x7e, 0x00, 0x00, 0x00, 0x00, 0x00, 0x00, 0x00, 0x00, 0x2f,
    0xba, 0x00, 0x0a, 0xea, 0x4c, 0x08, 0x80, 0x00, 0x09, 0x2f, 0x00, 0x00,
    0x00, 0x00, 0x1f, 0x37, 0x00, 0x1f, 0x37, 0x00, 0x0e, 0x2b, 0x00, 0x00,
    0xf9, 0x9e, 0x0a, 0xe0, 0xb2, 0x00, 0xf3, 0x00, 0x00, 0xaf, 0x0e, 0x00,
    0xf5, 0x47, 0x00, 0xe3, 0x4f, 0x2a, 0xff, 0x43, 0x00, 0x00, 0x00, 0x00,
    0x00, 0x00, 0x00, 0x00, 0x00, 0x00, 0x00, 0x00, 0x00, 0x00, 0x00, 0x00,
    0x00, 0x00, 0x00, 0x00, 0x00, 0x00, 0x00, 0x00, 0x00, 0x00, 0x00, 0x00,
    0x00, 0x00, 0x00, 0x00, 0x00, 0x00, 0x00, 0x00, 0x00, 0x00, 0x00, 0x00,
    0x00, 0x00, 0x00, 0x00, 0x00, 0x00, 0x00, 0x00, 0x00, 0x00, 0x00, 0x00,
    0x00, 0x00, 0x75, 0xfd, 0xff, 0xff, 0xf0, 0x00, 0x00, 0x00, 0x00, 0x00,
    0x13, 0xfd, 0x15, 0x03, 0xb8, 0x69, 0x00, 0x00, 0x0e, 0xbd, 0x2b, 0x00,
    0x00, 0x00, 0x00, 0x00, 0x00, 0x00, 0x00, 0x53, 0x73, 0x00, 0x00, 0x7b,
    0x91, 0x4d, 0x10, 0x00, 0x89, 0xd4, 0x00, 0x00, 0x00, 0x00, 0xa9, 0xc6,
    0x00, 0xa9, 0xc6, 0x00, 0x9c, 0xc1, 0x00, 0x00, 0xaa, 0x69, 0x00, 0x32,
    0x9b, 0x00, 0xeb, 0x0a, 0x00, 0x9b, 0x00, 0x00, 0x9b, 0x3b, 0x00, 0xe2,
    0x25, 0x0d, 0xda, 0x90, 0x00, 0x00, 0x00, 0x00, 0x00, 0x00, 0x00, 0x00,
    0x00, 0x00, 0x00, 0x00, 0x00, 0x00, 0x00, 0x00, 0x00, 0x00, 0x00, 0x00,
    0x00, 0x00, 0x00, 0x00, 0x00, 0x00, 0x00, 0x00, 0x00, 0x00, 0x00, 0x00,
    0x00, 0x00, 0x00, 0x00, 0x00, 0x00, 0x00, 0x00, 0x00, 0x00, 0x00, 0x00,
    0x00, 0x00, 0x00, 0x00, 0x00, 0x00, 0x00, 0x00, 0x00, 0x00, 0x00, 0x00,
    0x02, 0x08, 0x05, 0x00, 0x00, 0x00, 0x00, 0x04, 0x48, 0x82, 0x00, 0x00,
    0x01, 0x00, 0x00, 0x00, 0x00, 0x00, 0x00, 0x00, 0x00, 0x00, 0x00, 0x00,
    0x00, 0x00, 0x00, 0x03, 0x00, 0x00, 0x00, 0x10, 0x11, 0x17, 0x00, 0x00,
    0x38, 0x48, 0x00, 0x00, 0x00, 0x00, 0x15, 0x08, 0x00, 0x15, 0x08, 0x00,
    0x44, 0x3b, 0x00, 0x00, 0x02, 0x00, 0x00, 0x00, 0x00, 0x00, 0xba, 0x57,
    0x54, 0x2b, 0x00, 0x00, 0x00, 0x00, 0x05, 0xd8, 0x02, 0x00, 0x06, 0x00,
    0x00, 0x00, 0x00, 0x00, 0x00, 0x00, 0x00, 0x00, 0x00, 0x00, 0x00, 0x00,
    0x00, 0x00, 0x00, 0x00, 0x00, 0x00, 0x00, 0x00, 0x00, 0x00, 0x00, 0x00,
    0x00, 0x00, 0x00, 0x00, 0x00, 0x00, 0x00, 0x00, 0x00, 0x00, 0x00, 0x00,
    0x00, 0x00, 0x00, 0x00, 0x00, 0x00, 0x00, 0x00, 0x00, 0x00, 0x00, 0x00,
    0x00, 0x00, 0x00, 0x00, 0x00, 0x00, 0x00, 0x00, 0x00, 0x00, 0x00, 0x00,
    0x00, 0x00, 0x00, 0xbf, 0x91, 0x03, 0x00, 0x00, 0x00, 0x00, 0x00, 0x00,
    0x00, 0x00, 0x00, 0x00, 0x00, 0x00, 0x00, 0x00, 0x00, 0x00, 0x00, 0x00,
    0x00, 0x00, 0x00, 0x00, 0x00, 0x00, 0x00, 0x00, 0x00, 0x00, 0x00, 0x00,
    0x00, 0x00, 0x00, 0x00, 0x00, 0x00, 0x00, 0x00, 0x00, 0x00, 0x00, 0x00,
    0x00, 0x00, 0x00, 0x00, 0x00, 0x00, 0x1e, 0x03, 0x1e, 0x00, 0x00, 0x00,
    0x00, 0x00, 0x69, 0x20, 0x00, 0x00, 0x00, 0x00, 0x00, 0x00, 0x00, 0x00,
    0x00, 0x00, 0x00, 0x00, 0x00, 0x00, 0x00, 0x00, 0x00, 0x00, 0x00, 0x00,
    0x00, 0x00, 0x00, 0x00, 0x00, 0x00, 0x00, 0x00, 0x00, 0x00, 0x00, 0x00,
    0x00, 0x00, 0x00, 0x00, 0x00, 0x00, 0x00, 0x00, 0x00, 0x00, 0x00, 0x00,
    0x00, 0x00, 0x00, 0x00, 0x00, 0x00, 0x00, 0x00, 0x00, 0x00, 0x00, 0x00,
    0x00, 0x00, 0x00, 0x00, 0x00, 0x00, 0x00, 0x00, 0x00, 0x00, 0x00, 0x29,
    0x01, 0x00, 0x00, 0x00, 0x00, 0x00, 0x00, 0x00, 0x00, 0x00, 0x00, 0x00,
    0x00, 0x00, 0x00, 0x00, 0x00, 0x00, 0x00, 0x00, 0x00, 0x00, 0x00, 0x00,
    0x00, 0x00, 0x00, 0x00, 0x00, 0x00, 0x00, 0x00, 0x00, 0x00, 0x00, 0x00,
    0x00, 0x00, 0x00, 0x00, 0x00, 0x00, 0x00, 0x00, 0x00, 0x00, 0x00, 0x00,
    0x00, 0x00, 0x00, 0x00, 0x00, 0x00, 0x00, 0x00, 0x00, 0x00, 0x22, 0x00,
    0x00, 0x00, 0x00, 0x00, 0x00, 0x00, 0x00, 0x00, 0x00, 0x00, 0x00, 0x00,
    0x00, 0x00, 0x00, 0x00, 0x00, 0x00, 0x00, 0x00, 0x00, 0x00, 0x00, 0x00,
    0x00, 0x00, 0x00, 0x00, 0x00, 0x00, 0x00, 0x00, 0x00, 0x00, 0x00, 0x00,
    0x00, 0x00, 0x00, 0x00, 0x00, 0x00, 0x00, 0x00, 0x00, 0x00, 0x00, 0x00,
    0x00, 0x00, 0x00, 0x00, 0x00, 0x00, 0x00, 0x00, 0x00, 0x00, 0x00, 0x00,
    0x00, 0x00, 0x00, 0x00, 0x00, 0x00, 0x00, 0x00, 0x00, 0x00, 0x00, 0x00,
    0x00, 0x00, 0x00, 0x00, 0x00, 0x00, 0x00, 0x00, 0x00, 0x00, 0x00, 0x00,
    0x00, 0x00, 0x00, 0x00, 0x00, 0x00, 0x00, 0x00, 0x00, 0x00, 0x00, 0x00,
    0x00, 0x00, 0x00, 0x00, 0x00, 0x00, 0x00, 0x00, 0x00, 0x00, 0x00, 0x00,
    0x00, 0x00, 0x00, 0x00, 0x00, 0x00, 0x00, 0x00, 0x00, 0x00, 0x00, 0x00,
    0x00, 0x00, 0x00, 0x00, 0x00, 0x00, 0x00, 0x00, 0x00, 0x00, 0x00, 0x00,
    0x00, 0x00, 0x00, 0x00, 0x00, 0x00, 0x00, 0x00, 0x00, 0x00, 0x00, 0x00,
    0x00, 0x00, 0x00, 0x00, 0x00, 0x00, 0x00, 0x00, 0x00, 0x00, 0x00, 0x00,
    0x00, 0x00, 0x00, 0x00, 0x00, 0x00, 0x00, 0x00, 0x00, 0x00, 0x00, 0x00,
    0x00, 0x00, 0x00, 0x00, 0x00, 0x00, 0x00, 0x00, 0x00, 0x00, 0x00, 0x00,
    0x00, 0x00, 0x00, 0x00, 0x00, 0x00, 0x00, 0x00, 0x00, 0x00, 0x00, 0x00,
    0x00, 0x00, 0x00, 0x00, 0x00, 0x00, 0x00, 0x00, 0x00, 0x00, 0x00, 0x00,
    0x00, 0x00, 0x00, 0x00, 0x00, 0x00, 0x00, 0x00, 0x00, 0x00, 0x00, 0x00,
    0x00, 0x00, 0x00, 0x00, 0x00, 0x00, 0x00, 0x00, 0x00, 0x00, 0x00, 0x00,
    0x00, 0x00, 0x00, 0x00, 0x00, 0x00, 0x00, 0x00, 0x00, 0x00, 0x00, 0x00,
    0x00, 0x00, 0x00, 0x00, 0x00, 0x00, 0x00, 0x00, 0x00, 0x00, 0x00, 0x00,
    0x00, 0x00, 0x00, 0x00, 0x00, 0x00, 0x00, 0x00, 0x00, 0x00, 0x00, 0x00,
    0x00, 0x00, 0x00, 0x00, 0x00, 0x00, 0x00, 0x00, 0x00, 0x00, 0x00, 0x00,
    0x00, 0x00, 0x00, 0x00, 0x00, 0x00, 0x00, 0x00, 0x00, 0x00, 0x00, 0x00,
    0x00, 0x00, 0x00, 0x00, 0x00, 0x00, 0x00, 0x00, 0x00, 0x00, 0x00, 0x00,
    0x00, 0x00, 0x00, 0x00, 0x00, 0x00, 0x00, 0x00, 0x00, 0x00, 0x00, 0x00,
    0x00, 0x00, 0x00, 0x00, 0x00, 0x00, 0x00, 0x00, 0x00, 0x00, 0x00, 0x00,
    0x00, 0x00, 0x00, 0x00, 0x00, 0x00, 0x00, 0x00, 0x00, 0x00, 0x00, 0x00,
    0x00, 0x00, 0x00, 0x00, 0x00, 0x00, 0x00, 0x00, 0x00, 0x00, 0x00, 0x00,
    0x00, 0x00, 0x00, 0x00, 0x00, 0x00, 0x00, 0x00, 0x00, 0x00, 0x00, 0x00,
    0x00, 0x00, 0x00, 0x00, 0x00, 0x00, 0x00, 0x00, 0x00, 0x00, 0x00, 0x00,
    0x00, 0x00, 0x00, 0x00, 0x00, 0x00, 0x00, 0x00, 0x00, 0x00, 0x00, 0x00,
    0x00, 0x00, 0x00, 0x00, 0x00, 0x00, 0x00, 0x00, 0x00, 0x00, 0x00, 0x00,
    0x00, 0x00, 0x00, 0x00, 0x00, 0x00, 0x00, 0x00, 0x00, 0x00, 0x00, 0x00,
    0x00, 0x00, 0x00, 0x00, 0x00, 0x00, 0x00, 0x00, 0x00, 0x00, 0x00, 0x00,
    0x00, 0x00, 0x00, 0x00, 0x00, 0x00, 0x00, 0x00, 0x00, 0x00, 0x00, 0x00,
    0x00, 0x00, 0x00, 0x00, 0x00, 0x00, 0x00, 0x00, 0x00, 0x00, 0x00, 0x00,
    0x00, 0x00, 0x00, 0x00, 0x00, 0x00, 0x00, 0x00, 0x00, 0x00, 0x00, 0x00,
    0x00, 0x00, 0x00, 0x00, 0x00, 0x00, 0x00, 0x00, 0x00, 0x00, 0x00, 0x00,
    0x00, 0x00, 0x00, 0x00, 0x00, 0x00, 0x00, 0x00, 0x00, 0x00, 0x00, 0x00,
    0x00, 0x00, 0x00, 0x00, 0x00, 0x00, 0x00, 0x00, 0x00, 0x00, 0x00, 0x00,
    0x00, 0x00, 0x00, 0x00, 0x00, 0x00, 0x00, 0x00, 0x00, 0x00, 0x00, 0x00,
    0x00, 0x00, 0x00, 0x00, 0x00, 0x00, 0x00, 0x00, 0x00, 0x00, 0x00, 0x00,
    0x00, 0x00, 0x00, 0x00, 0x00, 0x00, 0x00, 0x00, 0x00, 0x00, 0x00, 0x00,
    0x00, 0x00, 0x00, 0x00, 0x00, 0x00, 0x00, 0x00, 0x00, 0x00, 0x00, 0x00,
    0x00, 0x00, 0x00, 0x00, 0x00, 0x00, 0x00, 0x00, 0x00, 0x00, 0x00, 0x00,
    0x00, 0x00, 0x00, 0x00, 0x00, 0x00, 0x00, 0x00, 0x00, 0x00, 0x00, 0x00,
    0x00, 0x00, 0x00, 0x00, 0x00, 0x00, 0x00, 0x00, 0x00, 0x00, 0x00, 0x00,
    0x00, 0x00, 0x00, 0x00, 0x00, 0x00, 0x00, 0x00, 0x00, 0x00, 0x00, 0x00,
    0x00, 0x00, 0x00, 0x00, 0x00, 0x00, 0x00, 0x00, 0x00, 0x00, 0x00, 0x00,
    0x00, 0x00, 0x00, 0x00, 0x00, 0x00, 0x00, 0x00, 0x00, 0x00, 0x00, 0x00,
    0x00, 0x00, 0x00, 0x00, 0x00, 0x00, 0x00, 0x00, 0x00, 0x00, 0x00, 0x00,
    0x00, 0x00, 0x00, 0x00, 0x00, 0x00, 0x00, 0x00, 0x00, 0x00, 0x00, 0x00,
    0x00, 0x00, 0x00, 0x00, 0x00, 0x00, 0x00, 0x00, 0x00, 0x00, 0x00, 0x00,
    0x00, 0x00, 0x00, 0x00, 0x00, 0x00, 0x00, 0x00, 0x00, 0x00, 0x00, 0x00,
    0x00, 0x00, 0x00, 0x00, 0x00, 0x00, 0x00, 0x00, 0x00, 0x00, 0x00, 0x00,
    0x00, 0x00, 0x00, 0x00, 0x00, 0x00, 0x00, 0x00, 0x00, 0x00, 0x00, 0x00,
    0x00, 0x00, 0x00, 0x00, 0x00, 0x00, 0x00, 0x00, 0x00, 0x00, 0x00, 0x00,
    0x00, 0x00, 0x00, 0x00, 0x00, 0x00, 0x00, 0x00, 0x00, 0x00, 0x00, 0x00,
    0x00, 0x00, 0x00, 0x00, 0x00, 0x00, 0x00, 0x00, 0x00, 0x00, 0x00, 0x00,
    0x00, 0x00, 0x00, 0x00, 0x00, 0x00, 0x00, 0x00, 0x00, 0x00, 0x00, 0x00,
    0x00, 0x00, 0x00, 0x00, 0x00, 0x00, 0x00, 0x00, 0x00, 0x00, 0x00, 0x00,
    0x00, 0x00, 0x00, 0x00, 0x00, 0x00, 0x00, 0x00, 0x00, 0x00, 0x00, 0x00,
    0x00, 0x00, 0x00, 0x00, 0x00, 0x00, 0x00, 0x00, 0x00, 0x00, 0x00, 0x00,
    0x00, 0x00, 0x00, 0x00, 0x00, 0x00, 0x00, 0x00, 0x00, 0x00, 0x00, 0x00,
    0x00, 0x00, 0x00, 0x00, 0x00, 0x00, 0x00, 0x00, 0x00, 0x00, 0x00, 0x00,
    0x00, 0x00, 0x00, 0x00, 0x00, 0x00, 0x00, 0x00, 0x00, 0x00, 0x00, 0x00,
    0x00, 0x00, 0x00, 0x00, 0x00, 0x00, 0x00, 0x00, 0x00, 0x00, 0x00, 0x00,
    0x00, 0x00, 0x00, 0x00, 0x00, 0x00, 0x00, 0x00, 0x00, 0x00, 0x00, 0x00,
    0x00, 0x00, 0x00, 0x00, 0x00, 0x00, 0x00, 0x00, 0x00, 0x00, 0x00, 0x00,
    0x00, 0x00, 0x00, 0x00, 0x00, 0x00, 0x00, 0x00, 0x00, 0x00, 0x00, 0x00,
    0x00, 0x00, 0x00, 0x00, 0x00, 0x00, 0x00, 0x00, 0x00, 0x00, 0x00, 0x00,
    0x00, 0x00, 0x00, 0x00, 0x00, 0x00, 0x00, 0x00, 0x00, 0x00, 0x00, 0x00,
    0x00, 0x00, 0x00, 0x00, 0x00, 0x00, 0x00, 0x00, 0x00, 0x00, 0x00, 0x00,
    0x00, 0x00, 0x00, 0x00, 0x00, 0x00, 0x00, 0x00, 0x00, 0x00, 0x00, 0x00,
    0x00, 0x00, 0x00, 0x00, 0x00, 0x00, 0x00, 0x00, 0x00, 0x00, 0x00, 0x00,
    0x00, 0x00, 0x00, 0x00, 0x00, 0x00, 0x00, 0x00, 0x00, 0x00, 0x00, 0x00,
    0x00, 0x00, 0x00, 0x00, 0x00, 0x00, 0x00, 0x00, 0x00, 0x00, 0x00, 0x00,
    0x00, 0x00, 0x00, 0x00, 0x00, 0x00, 0x00, 0x00, 0x00, 0x00, 0x00, 0x00,
    0x00, 0x00, 0x00, 0x00, 0x00, 0x00, 0x00, 0x00, 0x00, 0x00, 0x00, 0x00,
    0x00, 0x00, 0x00, 0x00, 0x00, 0x00, 0x00, 0x00, 0x00, 0x00, 0x00, 0x00,
    0x00, 0x00, 0x00, 0x00, 0x00, 0x00, 0x00, 0x00, 0x00, 0x00, 0x00, 0x00,
    0x00, 0x00, 0x00, 0x00, 0x00, 0x00, 0x00, 0x00, 0x00, 0x00, 0x00, 0x00,
    0x00, 0x00, 0x00, 0x00, 0x00, 0x00, 0x00, 0x00, 0x00, 0x00, 0x00, 0x00,
    0x00, 0x00, 0x00, 0x00, 0x00, 0x00, 0x00, 0x00, 0x00, 0x00, 0x00, 0x00,
    0x00, 0x00, 0x00, 0x00, 0x00, 0x00, 0x00, 0x00, 0x00, 0x00, 0x00, 0x00,
    0x00, 0x00, 0x00, 0x00, 0x00, 0x00, 0x00, 0x00, 0x00, 0x00, 0x00, 0x00,
    0x00, 0x00, 0x00, 0x00, 0x00, 0x00, 0x00, 0x00, 0x00, 0x00, 0x00, 0x00,
    0x00, 0x00, 0x00, 0x00, 0x00, 0x00, 0x00, 0x00, 0x00, 0x00, 0x00, 0x00,
    0x00, 0x00, 0x00, 0x00, 0x00, 0x00, 0x00, 0x00, 0x00, 0x00, 0x00, 0x00,
    0x00, 0x00, 0x00, 0x00, 0x00, 0x00, 0x00, 0x00, 0x00, 0x00, 0x00, 0x00,
    0x00, 0x00, 0x00, 0x00, 0x00, 0x00, 0x00, 0x00, 0x00, 0x00, 0x00, 0x00,
    0x00, 0x00, 0x00, 0x00, 0x00, 0x00, 0x00, 0x00, 0x00, 0x00, 0x00, 0x00,
    0x00, 0x00, 0x00, 0x00, 0x00, 0x00, 0x00, 0x00, 0x00, 0x00, 0x00, 0x00,
    0x00, 0x00, 0x00, 0x00, 0x00, 0x00, 0x00, 0x00, 0x00, 0x00, 0x00, 0x00,
    0x00, 0x00, 0x00, 0x00, 0x00, 0x00, 0x00, 0x00, 0x00, 0x00, 0x00, 0x00,
    0x00, 0x00, 0x00, 0x00, 0x00, 0x00, 0x00, 0x00, 0x00, 0x00, 0x00, 0x00,
    0x00, 0x00, 0x00, 0x00, 0x00, 0x00, 0x00, 0x00, 0x00, 0x00, 0x00, 0x00,
    0x00, 0x00, 0x00, 0x00, 0x00, 0x00, 0x00, 0x00, 0x00, 0x00, 0x00, 0x00,
    0x00, 0x00, 0x00, 0x00, 0x00, 0x00, 0x00, 0x00, 0x00, 0x00, 0x00, 0x00,
    0x00, 0x00, 0x00, 0x00, 0x00, 0x00, 0x00, 0x00, 0x00, 0x00, 0x00, 0x00,
    0x00, 0x00, 0x00, 0x00, 0x00, 0x00, 0x00, 0x00, 0x00, 0x00, 0x00, 0x00,
    0x00, 0x00, 0x00, 0x00, 0x00, 0x00, 0x00, 0x00, 0x00, 0x00, 0x00, 0x00,
    0x00, 0x00, 0x00, 0x00, 0x00, 0x00, 0x00, 0x00, 0x00, 0x00, 0x00, 0x00,
    0x00, 0x00, 0x00, 0x00, 0x00, 0x00, 0x00, 0x00, 0x00, 0x00, 0x00, 0x00,
    0x00, 0x00, 0x00, 0x00, 0x00, 0x00, 0x00, 0x00, 0x00, 0x00, 0x00, 0x00,
    0x00, 0x00, 0x00, 0x00, 0x00, 0x00, 0x00, 0x00, 0x00, 0x00, 0x00, 0x00,
    0x00, 0x00, 0x00, 0x00, 0x00, 0x00, 0x00, 0x00, 0x00, 0x00, 0x00, 0x00,
    0x00, 0x00, 0x00, 0x00, 0x00, 0x00, 0x00, 0x00, 0x00, 0x00, 0x00, 0x00,
    0x00, 0x00, 0x00, 0x00, 0x00, 0x00, 0x00, 0x00, 0x00, 0x00, 0x00, 0x00,
    0x00, 0x00, 0x00, 0x00, 0x00, 0x00, 0x00, 0x00, 0x00, 0x00, 0x00, 0x00,
    0x00, 0x00, 0x00, 0x00, 0x00, 0x00, 0x00, 0x00, 0x00, 0x00, 0x00, 0x00,
    0x00, 0x00, 0x00, 0x00, 0x00, 0x00, 0x00, 0x00, 0x00, 0x00, 0x00, 0x00,
    0x00, 0x00, 0x00, 0x00, 0x00, 0x00, 0x00, 0x00, 0x00, 0x00, 0x00, 0x00,
    0x00, 0x00, 0x00, 0x00, 0x00, 0x00, 0x00, 0x00, 0x00, 0x00, 0x00, 0x00,
    0x00, 0x00, 0x00, 0x00, 0x00, 0x00, 0x00, 0x00, 0x00, 0x00, 0x00, 0x00,
    0x00, 0x00, 0x00, 0x00, 0x00, 0x00, 0x00, 0x00, 0x00, 0x00, 0x00, 0x00,
    0x00, 0x00, 0x00, 0x00, 0x00, 0x00, 0x00, 0x00, 0x00, 0x00, 0x00, 0x00,
    0x00, 0x00, 0x00, 0x00, 0x00, 0x00, 0x00, 0x00, 0x00, 0x00, 0x00, 0x00,
    0x00, 0x00, 0x00, 0x00, 0x00, 0x00, 0x00, 0x00, 0x00, 0x00, 0x00, 0x00,
    0x00, 0x00, 0x00, 0x00, 0x00, 0x00, 0x00, 0x00, 0x00, 0x00, 0x00, 0x00,
    0x00, 0x00, 0x00, 0x00, 0x00, 0x00, 0x00, 0x00, 0x00, 0x00, 0x00, 0x00,
    0x00, 0x00, 0x00, 0x00, 0x00, 0x00, 0x00, 0x00, 0x00, 0x00, 0x00, 0x00,
    0x00, 0x00, 0x00, 0x00, 0x00, 0x00, 0x00, 0x00, 0x00, 0x00, 0x00, 0x00,
    0x00, 0x00, 0x00, 0x00, 0x00, 0x00, 0x00, 0x00, 0x00, 0x00, 0x00, 0x00,
    0x00, 0x00, 0x00, 0x00, 0x00, 0x00, 0x00, 0x00, 0x00, 0x00, 0x00, 0x00,
    0x00, 0x00, 0x00, 0x00, 0x00, 0x00, 0x00, 0x00, 0x00, 0x00, 0x00, 0x00,
    0x00, 0x00, 0x00, 0x00, 0x00, 0x00, 0x00, 0x00, 0x00, 0x00, 0x00, 0x00,
    0x00, 0x00, 0x00, 0x00, 0x00, 0x00, 0x00, 0x00, 0x00, 0x00, 0x00, 0x00,
    0x00, 0x00, 0x00, 0x00, 0x00, 0x00, 0x00, 0x00, 0x00, 0x00, 0x00, 0x00,
    0x00, 0x00, 0x00, 0x00, 0x00, 0x00, 0x00, 0x00, 0x00, 0x00, 0x00, 0x00,
    0x00, 0x00, 0x00, 0x00, 0x00, 0x00, 0x00, 0x00, 0x00, 0x00, 0x00, 0x00,
    0x00, 0x00, 0x00, 0x00, 0x00, 0x00, 0x00, 0x00, 0x00, 0x00, 0x00, 0x00,
    0x00, 0x00, 0x00, 0x00, 0x00, 0x00, 0x00, 0x00, 0x00, 0x00, 0x00, 0x00,
    0x00, 0x00, 0x00, 0x00, 0x00, 0x00, 0x00, 0x00, 0x00, 0x00, 0x00, 0x00,
    0x00, 0x00, 0x00, 0x00, 0x00, 0x00, 0x00, 0x00, 0x00, 0x00, 0x00, 0x00,
    0x00, 0x00, 0x00, 0x00, 0x00, 0x00, 0x00, 0x00, 0x00, 0x00, 0x00, 0x00,
    0x00, 0x00, 0x00, 0x00, 0x00, 0x00, 0x00, 0x00, 0x00, 0x00, 0x00, 0x00,
    0x00, 0x00, 0x00, 0x00, 0x00, 0x00, 0x00, 0x00, 0x00, 0x00, 0x00, 0x00,
    0x00, 0x00, 0x00, 0x00, 0x00, 0x00, 0x00, 0x00, 0x00, 0x00, 0x00, 0x00,
    0x00, 0x00, 0x00, 0x00, 0x00, 0x00, 0x00, 0x00, 0x00, 0x00, 0x00, 0x00,
    0x00, 0x00, 0x00, 0x00, 0x00, 0x00, 0x00, 0x00, 0x00, 0x00, 0x00, 0x00,
    0x00, 0x00, 0x00, 0x00, 0x00, 0x00, 0x00, 0x00, 0x00, 0x00, 0x00, 0x00,
    0x00, 0x00, 0x00, 0x00, 0x00, 0x00, 0x00, 0x00, 0x00, 0x00, 0x00, 0x00,
    0x00, 0x00, 0x00, 0x00, 0x00, 0x00, 0x00, 0x00, 0x00, 0x00, 0x00, 0x00,
    0x00, 0x00, 0x00, 0x00, 0x00, 0x00, 0x00, 0x00, 0x00, 0x00, 0x00, 0x00,
    0x00, 0x00, 0x00, 0x00, 0x00, 0x00, 0x00, 0x00, 0x00, 0x00, 0x00, 0x00,
    0x00, 0x00, 0x00, 0x00, 0x00, 0x00, 0x00, 0x00, 0x00, 0x00, 0x00, 0x00,
    0x00, 0x00, 0x00, 0x00, 0x00, 0x00, 0x00, 0x00, 0x00, 0x00, 0x00, 0x00,
    0x00, 0x00, 0x00, 0x00, 0x00, 0x00, 0x00, 0x00, 0x00, 0x00, 0x00, 0x00,
    0x00, 0x00, 0x00, 0x00, 0x00, 0x00, 0x00, 0x00, 0x00, 0x00, 0x00, 0x00,
    0x00, 0x00, 0x00, 0x00, 0x00, 0x00, 0x00, 0x00, 0x00, 0x00, 0x00, 0x00,
    0x00, 0x00, 0x00, 0x00, 0x00, 0x00, 0x00, 0x00, 0x00, 0x00, 0x00, 0x00,
    0x00, 0x00, 0x00, 0x00, 0x00, 0x00, 0x00, 0x00, 0x00, 0x00, 0x00, 0x00,
    0x00, 0x00, 0x00, 0x00, 0x00, 0x00, 0x00, 0x00, 0x00, 0x00, 0x00, 0x00,
    0x00, 0x00, 0x00, 0x00, 0x00, 0x00, 0x00, 0x00, 0x00, 0x00, 0x00, 0x00,
    0x00, 0x00, 0x00, 0x00, 0x00, 0x00, 0x00, 0x00, 0x00, 0x00, 0x00, 0x00,
    0x00, 0x00, 0x00, 0x00, 0x00, 0x00, 0x00, 0x00, 0x00, 0x00, 0x00, 0x00,
    0x00, 0x00, 0x00, 0x00, 0x00, 0x00, 0x00, 0x00, 0x00, 0x00, 0x00, 0x00,
    0x00, 0x00, 0x00, 0x00, 0x00, 0x00, 0x00, 0x00, 0x00, 0x00, 0x00, 0x00,
    0x00, 0x00, 0x00, 0x00, 0x00, 0x00, 0x00, 0x00, 0x00, 0x00, 0x00, 0x00,
    0x00, 0x00, 0x00, 0x00, 0x00, 0x00, 0x00, 0x00, 0x00, 0x00, 0x00, 0x00,
    0x00, 0x00, 0x00, 0x00, 0x00, 0x00, 0x00, 0x00, 0x00, 0x00, 0x00, 0x00,
    0x00, 0x00, 0x00, 0x00, 0x00, 0x00, 0x00, 0x00, 0x00, 0x00, 0x00, 0x00,
    0x00, 0x00, 0x00, 0x00, 0x00, 0x00, 0x00, 0x00, 0x00, 0x00, 0x00, 0x00,
    0x00, 0x00, 0x00, 0x00, 0x00, 0x00, 0x00, 0x00, 0x00, 0x00, 0x00, 0x00,
    0x00, 0x00, 0x00, 0x00, 0x00, 0x00, 0x00, 0x00, 0x00, 0x00, 0x00, 0x00,
    0x00, 0x00, 0x00, 0x00, 0x00, 0x00, 0x00, 0x00, 0x00, 0x00, 0x00, 0x00,
    0x00, 0x00, 0x00, 0x00, 0x00, 0x00, 0x00, 0x00, 0x00, 0x00, 0x00, 0x00,
    0x00, 0x00, 0x00, 0x00, 0x00, 0x00, 0x00, 0x00, 0x00, 0x00, 0x00, 0x00,
    0x00, 0x00, 0x00, 0x00, 0x00, 0x00, 0x00, 0x00, 0x00, 0x00, 0x00, 0x00,
    0x00, 0x00, 0x00, 0x00, 0x00, 0x00, 0x00, 0x00, 0x00, 0x00, 0x00, 0x00,
    0x00, 0x00, 0x00, 0x00, 0x00, 0x00, 0x00, 0x00, 0x00, 0x00, 0x00, 0x00,
    0x00, 0x00, 0x00, 0x00, 0x00, 0x00, 0x00, 0x00, 0x00, 0x00, 0x00, 0x00,
    0x00, 0x00, 0x00, 0x00, 0x00, 0x00, 0x00, 0x00, 0x00, 0x00, 0x00, 0x00,
    0x00, 0x00, 0x00, 0x00, 0x00, 0x00, 0x00, 0x00, 0x00, 0x00, 0x00, 0x00,
    0x00, 0x00, 0x00, 0x00, 0x00, 0x00, 0x00, 0x00, 0x00, 0x00, 0x00, 0x00,
    0x00, 0x00, 0x00, 0x00, 0x00, 0x00, 0x00, 0x00, 0x00, 0x00, 0x00, 0x00,
    0x00, 0x00, 0x00, 0x00, 0x00, 0x00, 0x00, 0x00, 0x00, 0x00, 0x00, 0x00,
    0x00, 0x00, 0x00, 0x00, 0x00, 0x00, 0x00, 0x00, 0x00, 0x00, 0x00, 0x00,
    0x00, 0x00, 0x00, 0x00, 0x00, 0x00, 0x00, 0x00, 0x00, 0x00, 0x00, 0x00,
    0x00, 0x00, 0x00, 0x00, 0x00, 0x00, 0x00, 0x00, 0x00, 0x00, 0x00, 0x00,
    0x00, 0x00, 0x00, 0x00, 0x00, 0x00, 0x00, 0x00, 0x00, 0x00, 0x00, 0x00,
    0x00, 0x00, 0x00, 0x00, 0x00, 0x00, 0x00, 0x00, 0x00, 0x00, 0x00, 0x00,
    0x00, 0x00, 0x00, 0x00, 0x00, 0x00, 0x00, 0x00, 0x00, 0x00, 0x00, 0x00,
    0x00, 0x00, 0x00, 0x00, 0x00, 0x00, 0x00, 0x00, 0x00, 0x00, 0x00, 0x00,
    0x00, 0x00, 0x00, 0x00, 0x00, 0x00, 0x00, 0x00, 0x00, 0x00, 0x00, 0x00,
    0x00, 0x00, 0x00, 0x00, 0x00, 0x00, 0x00, 0x00, 0x00, 0x00, 0x00, 0x00,
    0x00, 0x00, 0x00, 0x00, 0x00, 0x00, 0x00, 0x00, 0x00, 0x00, 0x00, 0x00,
    0x00, 0x00, 0x00, 0x00, 0x00, 0x00, 0x00, 0x00, 0x00, 0x00, 0x00, 0x00,
    0x00, 0x00, 0x00, 0x00, 0x00, 0x00, 0x00, 0x00, 0x00, 0x00, 0x00, 0x00,
    0x00, 0x00, 0x00, 0x00, 0x00, 0x00, 0x00, 0x00, 0x00, 0x00, 0x00, 0x00,
    0x00, 0x00, 0x00, 0x00, 0x00, 0x00, 0x00, 0x00, 0x00, 0x00, 0x00, 0x00,
    0x00, 0x00, 0x00, 0x00, 0x00, 0x00, 0x00, 0x00, 0x00, 0x00, 0x00, 0x00,
    0x00, 0x00, 0x00, 0x00, 0x00, 0x00, 0x00, 0x00, 0x00, 0x00, 0x00, 0x00,
    0x00, 0x00, 0x00, 0x00, 0x00, 0x00, 0x00, 0x00, 0x00, 0x00, 0x00, 0x00,
    0x00, 0x00, 0x00, 0x00, 0x00, 0x00, 0x00, 0x00, 0x00, 0x00, 0x00, 0x00,
    0x00, 0x00, 0x00, 0x00, 0x00, 0x00, 0x00, 0x00, 0x00, 0x00, 0x00, 0x00,
    0x00, 0x00, 0x00, 0x00, 0x00, 0x00, 0x00, 0x00, 0x00, 0x00, 0x00, 0x00,
    0x00, 0x00, 0x00, 0x00, 0x00, 0x00, 0x00, 0x00, 0x00, 0x00, 0x00, 0x00,
    0x00, 0x00, 0x00, 0x00, 0x00, 0x00, 0x00, 0x00, 0x00, 0x00, 0x00, 0x00,
    0x00, 0x00, 0x00, 0x00, 0x00, 0x00, 0x00, 0x00, 0x00, 0x00, 0x00, 0x00,
    0x00, 0x00, 0x00, 0x00, 0x00, 0x00, 0x00, 0x00, 0x00, 0x00, 0x00, 0x00,
    0x00, 0x00, 0x00, 0x00, 0x00, 0x00, 0x00, 0x00, 0x00, 0x00, 0x00, 0x00,
    0x00, 0x00, 0x00, 0x00, 0x00, 0x00, 0x00, 0x00, 0x00, 0x00, 0x00, 0x00,
    0x00, 0x00, 0x00, 0x00, 0x00, 0x00, 0x00, 0x00, 0x00, 0x00, 0x00, 0x00,
    0x00, 0x00, 0x00, 0x00, 0x00, 0x00, 0x00, 0x00, 0x00, 0x00, 0x00, 0x00,
    0x00, 0x00, 0x00, 0x00, 0x00, 0x00, 0x00, 0x00, 0x00, 0x00, 0x00, 0x00,
    0x00, 0x00, 0x00, 0x00, 0x00, 0x00, 0x00, 0x00, 0x00, 0x00, 0x00, 0x00,
    0x00, 0x00, 0x00, 0x00, 0x00, 0x00, 0x00, 0x00, 0x00, 0x00, 0x00, 0x00,
    0x00, 0x00, 0x00, 0x00, 0x00, 0x00, 0x00, 0x00, 0x00, 0x00, 0x00, 0x00,
    0x00, 0x00, 0x00, 0x00, 0x00, 0x00, 0x00, 0x00, 0x00, 0x00, 0x00, 0x00,
    0x00, 0x00, 0x00, 0x00, 0x00, 0x00, 0x00, 0x00, 0x00, 0x00, 0x00, 0x00,
    0x00, 0x00, 0x00, 0x00, 0x00, 0x00, 0x00, 0x00, 0x00, 0x00, 0x00, 0x00,
    0x00, 0x00, 0x00, 0x00, 0x00, 0x00, 0x00, 0x00, 0x00, 0x00, 0x00, 0x00,
    0x00, 0x00, 0x00, 0x00, 0x00, 0x00, 0x00, 0x00, 0x00, 0x00, 0x00, 0x00,
    0x00, 0x00, 0x00, 0x00, 0x00, 0x00, 0x00, 0x00, 0x00, 0x00, 0x00, 0x00,
    0x00, 0x00, 0x00, 0x00, 0x00, 0x00, 0x00, 0x00, 0x00, 0x00, 0x00, 0x00,
    0x00, 0x00, 0x00, 0x00, 0x00, 0x00, 0x00, 0x00, 0x00, 0x00, 0x00, 0x00,
    0x00, 0x00, 0x00, 0x00, 0x00, 0x00, 0x00, 0x00, 0x00, 0x00, 0x00, 0x00,
    0x00, 0x00, 0x00, 0x00, 0x00, 0x00, 0x00, 0x00, 0x00, 0x00, 0x00, 0x00,
    0x00, 0x00, 0x00, 0x00, 0x00, 0x00, 0x00, 0x00, 0x00, 0x00, 0x00, 0x00,
    0x00, 0x00, 0x00, 0x00, 0x00, 0x00, 0x00, 0x00, 0x00, 0x00, 0x00, 0x00,
    0x00, 0x00, 0x00, 0x00, 0x00, 0x00, 0x00, 0x00, 0x00, 0x00, 0x00, 0x00,
    0x00, 0x00, 0x00, 0x00, 0x00, 0x00, 0x00, 0x00, 0x00, 0x00, 0x00, 0x00,
    0x00, 0x00, 0x00, 0x00, 0x00, 0x00, 0x00, 0x00, 0x00, 0x00, 0x00, 0x00,
    0x00, 0x00, 0x00, 0x00, 0x00, 0x00, 0x00, 0x00, 0x00, 0x00, 0x00, 0x00,
    0x00, 0x00, 0x00, 0x00, 0x00, 0x00, 0x00, 0x00, 0x00, 0x00, 0x00, 0x00,
    0x00, 0x00, 0x00, 0x00, 0x00, 0x00, 0x00, 0x00, 0x00, 0x00, 0x00, 0x00,
    0x00, 0x00, 0x00, 0x00, 0x00, 0x00, 0x00, 0x00, 0x00, 0x00, 0x00, 0x00,
    0x00, 0x00, 0x00, 0x00, 0x00, 0x00, 0x00, 0x00, 0x00, 0x00, 0x00, 0x00,
    0x00, 0x00, 0x00, 0x00, 0x00, 0x00, 0x00, 0x00, 0x00, 0x00, 0x00, 0x00,
    0x00, 0x00, 0x00, 0x00, 0x00, 0x00, 0x00, 0x00, 0x00, 0x00, 0x00, 0x00,
    0x00, 0x00, 0x00, 0x00, 0x00, 0x00, 0x00, 0x00, 0x00, 0x00, 0x00, 0x00,
    0x00, 0x00, 0x00, 0x00, 0x00, 0x00, 0x00, 0x00, 0x00, 0x00, 0x00, 0x00,
    0x00, 0x00, 0x00, 0x00, 0x00, 0x00, 0x00, 0x00, 0x00, 0x00, 0x00, 0x00,
    0x00, 0x00, 0x00, 0x00, 0x00, 0x00, 0x00, 0x00, 0x00, 0x00, 0x00, 0x00,
    0x00, 0x00, 0x00, 0x00, 0x00, 0x00, 0x00, 0x00, 0x00, 0x00, 0x00, 0x00,
    0x00, 0x00, 0x00, 0x00, 0x00, 0x00, 0x00, 0x00, 0x00, 0x00, 0x00, 0x00,
    0x00, 0x00, 0x00, 0x00, 0x00, 0x00, 0x00, 0x00, 0x00, 0x00, 0x00, 0x00,
    0x00, 0x00, 0x00, 0x00, 0x00, 0x00, 0x00, 0x00, 0x00, 0x00, 0x00, 0x00,
    0x00, 0x00, 0x00, 0x00, 0x00, 0x00, 0x00, 0x00, 0x00, 0x00, 0x00, 0x00,
    0x00, 0x00, 0x00, 0x00, 0x00, 0x00, 0x00, 0x00, 0x00, 0x00, 0x00, 0x00,
    0x00, 0x00, 0x00, 0x00, 0x00, 0x00, 0x00, 0x00, 0x00, 0x00, 0x00, 0x00,
    0x00, 0x00, 0x00, 0x00, 0x00, 0x00, 0x00, 0x00, 0x00, 0x00, 0x00, 0x00,
    0x00, 0x00, 0x00, 0x00, 0x00, 0x00, 0x00, 0x00, 0x00, 0x00, 0x00, 0x00,
    0x00, 0x00, 0x00, 0x00, 0x00, 0x00, 0x00, 0x00, 0x00, 0x00, 0x00, 0x00,
    0x00, 0x00, 0x00, 0x00, 0x00, 0x00, 0x00, 0x00, 0x00, 0x00, 0x00, 0x00,
    0x00, 0x00, 0x00, 0x00, 0x00, 0x00, 0x00, 0x00, 0x00, 0x00, 0x00, 0x00,
    0x00, 0x00, 0x00, 0x00, 0x00, 0x00, 0x00, 0x00, 0x00, 0x00, 0x00, 0x00,
    0x00, 0x00, 0x00, 0x00, 0x00, 0x00, 0x00, 0x00, 0x00, 0x00, 0x00, 0x00,
    0x00, 0x00, 0x00, 0x00, 0x00, 0x00, 0x00, 0x00, 0x00, 0x00, 0x00, 0x00,
    0x00, 0x00, 0x00, 0x00, 0x00, 0x00, 0x00, 0x00, 0x00, 0x00, 0x00, 0x00,
    0x00, 0x00, 0x00, 0x00, 0x00, 0x00, 0x00, 0x00, 0x00, 0x00, 0x00, 0x00,
    0x00, 0x00, 0x00, 0x00, 0x00, 0x00, 0x00, 0x00, 0x00, 0x00, 0x00, 0x00,
    0x00, 0x00, 0x00, 0x00, 0x00, 0x00, 0x00, 0x00, 0x00, 0x00, 0x00, 0x00,
    0x00, 0x00, 0x00, 0x00, 0x00, 0x00, 0x00, 0x00, 0x00, 0x00, 0x00, 0x00,
    0x00, 0x00, 0x00, 0x00, 0x00, 0x00, 0x00, 0x00, 0x00, 0x00, 0x00, 0x00,
    0x00, 0x00, 0x00, 0x00, 0x00, 0x00, 0x00, 0x00, 0x00, 0x00, 0x00, 0x00,
    0x00, 0x00, 0x00, 0x00, 0x00, 0x00, 0x00, 0x00, 0x00, 0x00, 0x00, 0x00,
    0x00, 0x00, 0x00, 0x00, 0x00, 0x00, 0x00, 0x00, 0x00, 0x00, 0x00, 0x00,
    0x00, 0x00, 0x00, 0x00, 0x00, 0x00, 0x00, 0x00, 0x00, 0x00, 0x00, 0x00,
    0x00, 0x00, 0x00, 0x00, 0x00, 0x00, 0x00, 0x00, 0x00, 0x00, 0x00, 0x00,
    0x00, 0x00, 0x00, 0x00, 0x00, 0x00, 0x00, 0x00, 0x00, 0x00, 0x00, 0x00,
    0x00, 0x00, 0x00, 0x00, 0x00, 0x00, 0x00, 0x00, 0x00, 0x00, 0x00, 0x00,
    0x00, 0x00, 0x00, 0x00, 0x00, 0x00, 0x00, 0x00, 0x00, 0x00, 0x00, 0x00,
    0x00, 0x00, 0x00, 0x00, 0x00, 0x00, 0x00, 0x00, 0x00, 0x00, 0x00, 0x00,
    0x00, 0x00, 0x00, 0x00, 0x00, 0x00, 0x00, 0x00, 0x00, 0x00, 0x00, 0x00,
    0x00, 0x00, 0x00, 0x00, 0x00, 0x00, 0x00, 0x00, 0x00, 0x00, 0x00, 0x00,
    0x00, 0x00, 0x00, 0x00, 0x00, 0x00, 0x00, 0x00, 0x00, 0x00, 0x00, 0x00,
    0x00, 0x00, 0x00, 0x00, 0x00, 0x00, 0x00, 0x00, 0x00, 0x00, 0x00, 0x00,
    0x00, 0x00, 0x00, 0x00, 0x00, 0x00, 0x00, 0x00, 0x00, 0x00, 0x00, 0x00,
    0x00, 0x00, 0x00, 0x00, 0x00, 0x00, 0x00, 0x00, 0x00, 0x00, 0x00, 0x00,
    0x00, 0x00, 0x00, 0x00, 0x00, 0x00, 0x00, 0x00, 0x00, 0x00, 0x00, 0x00,
    0x00, 0x00, 0x00, 0x00, 0x00, 0x00, 0x00, 0x00, 0x00, 0x00, 0x00, 0x00,
    0x00, 0x00, 0x00, 0x00, 0x00, 0x00, 0x00, 0x00, 0x00, 0x00, 0x00, 0x00,
    0x00, 0x00, 0x00, 0x00, 0x00, 0x00, 0x00, 0x00, 0x00, 0x00, 0x00, 0x00,
    0x00, 0x00, 0x00, 0x00, 0x00, 0x00, 0x00, 0x00, 0x00, 0x00, 0x00, 0x00,
    0x00, 0x00, 0x00, 0x00, 0x00, 0x00, 0x00, 0x00, 0x00, 0x00, 0x00, 0x00,
    0x00, 0x00, 0x00, 0x00, 0x00, 0x00, 0x00, 0x00, 0x00, 0x00, 0x00, 0x00,
    0x00, 0x00, 0x00, 0x00, 0x00, 0x00, 0x00, 0x00, 0x00, 0x00, 0x00, 0x00,
    0x00, 0x00, 0x00, 0x00, 0x00, 0x00, 0x00, 0x00, 0x00, 0x00, 0x00, 0x00,
    0x00, 0x00, 0x00, 0x00, 0x00, 0x00, 0x00, 0x00, 0x00, 0x00, 0x00, 0x00,
    0x00, 0x00, 0x00, 0x00, 0x00, 0x00, 0x00, 0x00, 0x00, 0x00, 0x00, 0x00,
    0x00, 0x00, 0x00, 0x00, 0x00, 0x00, 0x00, 0x00, 0x00, 0x00, 0x00, 0x00,
    0x00, 0x00, 0x00, 0x00, 0x00, 0x00, 0x00, 0x00, 0x00, 0x00, 0x00, 0x00,
    0x00, 0x00, 0x00, 0x00, 0x00, 0x00, 0x00, 0x00, 0x00, 0x00, 0x00, 0x00,
    0x00, 0x00, 0x00, 0x00, 0x00, 0x00, 0x00, 0x00, 0x00, 0x00, 0x00, 0x00,
    0x00, 0x00, 0x00, 0x00, 0x00, 0x00, 0x00, 0x00, 0x00, 0x00, 0x00, 0x00,
    0x00, 0x00, 0x00, 0x00, 0x00, 0x00, 0x00, 0x00, 0x00, 0x00, 0x00, 0x00,
    0x00, 0x00, 0x00, 0x00, 0x00, 0x00, 0x00, 0x00, 0x00, 0x00, 0x00, 0x00,
    0x00, 0x00, 0x00, 0x00, 0x00, 0x00, 0x00, 0x00, 0x00, 0x00, 0x00, 0x00,
    0x00, 0x00, 0x00, 0x00, 0x00, 0x00, 0x00, 0x00, 0x00, 0x00, 0x00, 0x00,
    0x00, 0x00, 0x00, 0x00, 0x00, 0x00, 0x00, 0x00, 0x00, 0x00, 0x00, 0x00,
    0x00, 0x00, 0x00, 0x00, 0x00, 0x00, 0x00, 0x00, 0x00, 0x00, 0x00, 0x00,
    0x00, 0x00, 0x00, 0x00, 0x00, 0x00, 0x00, 0x00, 0x00, 0x00, 0x00, 0x00,
    0x00, 0x00, 0x00, 0x00, 0x00, 0x00, 0x00, 0x00, 0x00, 0x00, 0x00, 0x00,
    0x00, 0x00, 0x00, 0x00, 0x00, 0x00, 0x00, 0x00, 0x00, 0x00, 0x00, 0x00,
    0x00, 0x00, 0x00, 0x00, 0x00, 0x00, 0x00, 0x00, 0x00, 0x00, 0x00, 0x00,
    0x00, 0x00, 0x00, 0x00, 0x00, 0x00, 0x00, 0x00, 0x00, 0x00, 0x00, 0x00,
    0x00, 0x00, 0x00, 0x00, 0x00, 0x00, 0x00, 0x00, 0x00, 0x00, 0x00, 0x00,
    0x00, 0x00, 0x00, 0x00, 0x00, 0x00, 0x00, 0x00, 0x00, 0x00, 0x00, 0x00,
    0x00, 0x00, 0x00, 0x00, 0x00, 0x00, 0x00, 0x00, 0x00, 0x00, 0x00, 0x00,
    0x00, 0x00, 0x00, 0x00, 0x00, 0x00, 0x00, 0x00, 0x00, 0x00, 0x00, 0x00,
    0x00, 0x00, 0x00, 0x00, 0x00, 0x00, 0x00, 0x00, 0x00, 0x00, 0x00, 0x00,
    0x00, 0x00, 0x00, 0x00, 0x00, 0x00, 0x00, 0x00, 0x00, 0x00, 0x00, 0x00,
    0x00, 0x00, 0x00, 0x00, 0x00, 0x00, 0x00, 0x00, 0x00, 0x00, 0x00, 0x00,
    0x00, 0x00, 0x00, 0x00, 0x00, 0x00, 0x00, 0x00, 0x00, 0x00, 0x00, 0x00,
    0x00, 0x00, 0x00, 0x00, 0x00, 0x00, 0x00, 0x00, 0x00, 0x00, 0x00, 0x00,
    0x00, 0x00, 0x00, 0x00, 0x00, 0x00, 0x00, 0x00, 0x00, 0x00, 0x00, 0x00,
    0x00, 0x00, 0x00, 0x00, 0x00, 0x00, 0x00, 0x00, 0x00, 0x00, 0x00, 0x00,
    0x00, 0x00, 0x00, 0x00, 0x00, 0x00, 0x00, 0x00, 0x00, 0x00, 0x00, 0x00,
    0x00, 0x00, 0x00, 0x00, 0x00, 0x00, 0x00, 0x00, 0x00, 0x00, 0x00, 0x00,
    0x00, 0x00, 0x00, 0x00, 0x00, 0x00, 0x00, 0x00, 0x00, 0x00, 0x00, 0x00,
    0x00, 0x00, 0x00, 0x00, 0x00, 0x00, 0x00, 0x00, 0x00, 0x00, 0x00, 0x00,
    0x00, 0x00, 0x00, 0x00, 0x00, 0x00, 0x00, 0x00, 0x00, 0x00, 0x00, 0x00,
    0x00, 0x00, 0x00, 0x00, 0x00, 0x00, 0x00, 0x00, 0x00, 0x00, 0x00, 0x00,
    0x00, 0x00, 0x00, 0x00, 0x00, 0x00, 0x00, 0x00, 0x00, 0x00, 0x00, 0x00,
    0x00, 0x00, 0x00, 0x00, 0x00, 0x00, 0x00, 0x00, 0x00, 0x00, 0x00, 0x00,
    0x00, 0x00, 0x00, 0x00, 0x00, 0x00, 0x00, 0x00, 0x00, 0x00, 0x00, 0x00,
    0x00, 0x00, 0x00, 0x00, 0x00, 0x00, 0x00, 0x00, 0x00, 0x00, 0x00, 0x00,
    0x00, 0x00, 0x00, 0x00, 0x00, 0x00, 0x00, 0x00, 0x00, 0x00, 0x00, 0x00,
    0x00, 0x00, 0x00, 0x00, 0x00, 0x00, 0x00, 0x00, 0x00, 0x00, 0x00, 0x00,
    0x00, 0x00, 0x00, 0x00, 0x00, 0x00, 0x00, 0x00, 0x00, 0x00, 0x00, 0x00,
    0x00, 0x00, 0x00, 0x00, 0x00, 0x00, 0x00, 0x00, 0x00, 0x00, 0x00, 0x00,
    0x00, 0x00, 0x00, 0x00, 0x00, 0x00, 0x00, 0x00, 0x00, 0x00, 0x00, 0x00,
    0x00, 0x00, 0x00, 0x00, 0x00, 0x00, 0x00, 0x00, 0x00, 0x00, 0x00, 0x00,
    0x00, 0x00, 0x00, 0x00, 0x00, 0x00, 0x00, 0x00, 0x00, 0x00, 0x00, 0x00,
    0x00, 0x00, 0x00, 0x00, 0x00, 0x00, 0x00, 0x00, 0x00, 0x00, 0x00, 0x00,
    0x00, 0x00, 0x00, 0x00, 0x00, 0x00, 0x00, 0x00, 0x00, 0x00, 0x00, 0x00,
    0x00, 0x00, 0x00, 0x00, 0x00, 0x00, 0x00, 0x00, 0x00, 0x00, 0x00, 0x00,
    0x00, 0x00, 0x00, 0x00, 0x00, 0x00, 0x00, 0x00, 0x00, 0x00, 0x00, 0x00,
    0x00, 0x00, 0x00, 0x00, 0x00, 0x00, 0x00, 0x00, 0x00, 0x00, 0x00, 0x00,
    0x00, 0x00, 0x00, 0x00, 0x00, 0x00, 0x00, 0x00, 0x00, 0x00, 0x00, 0x00,
    0x00, 0x00, 0x00, 0x00, 0x00, 0x00, 0x00, 0x00, 0x00, 0x00, 0x00, 0x00,
    0x00, 0x00, 0x00, 0x00, 0x00, 0x00, 0x00, 0x00, 0x00, 0x00, 0x00, 0x00,
    0x00, 0x00, 0x00, 0x00, 0x00, 0x00, 0x00, 0x00, 0x00, 0x00, 0x00, 0x00,
    0x00, 0x00, 0x00, 0x00, 0x00, 0x00, 0x00, 0x00, 0x00, 0x00, 0x00, 0x00,
    0x00, 0x00, 0x00, 0x00, 0x00, 0x00, 0x00, 0x00, 0x00, 0x00, 0x00, 0x00,
    0x00, 0x00, 0x00, 0x00, 0x00, 0x00, 0x00, 0x00, 0x00, 0x00, 0x00, 0x00,
    0x00, 0x00, 0x00, 0x00, 0x00, 0x00, 0x00, 0x00, 0x00, 0x00, 0x00, 0x00,
    0x00, 0x00, 0x00, 0x00, 0x00, 0x00, 0x00, 0x00, 0x00, 0x00, 0x00, 0x00,
    0x00, 0x00, 0x00, 0x00, 0x00, 0x00, 0x00, 0x00, 0x00, 0x00, 0x00, 0x00,
    0x00, 0x00, 0x00, 0x00, 0x00, 0x00, 0x00, 0x00, 0x00, 0x00, 0x00, 0x00,
    0x00, 0x00, 0x00, 0x00, 0x00, 0x00, 0x00, 0x00, 0x00, 0x00, 0x00, 0x00,
    0x00, 0x00, 0x00, 0x00, 0x00, 0x00, 0x00, 0x00, 0x00, 0x00, 0x00, 0x00,
    0x00, 0x00, 0x00, 0x00, 0x00, 0x00, 0x00, 0x00, 0x00, 0x00, 0x00, 0x00,
    0x00, 0x00, 0x00, 0x00, 0x00, 0x00, 0x00, 0x00, 0x00, 0x00, 0x00, 0x00,
    0x00, 0x00, 0x00, 0x00, 0x00, 0x00, 0x00, 0x00, 0x00, 0x00, 0x00, 0x00,
    0x00, 0x00, 0x00, 0x00, 0x00, 0x00, 0x00, 0x00, 0x00, 0x00, 0x00, 0x00,
    0x00, 0x00, 0x00, 0x00, 0x00, 0x00, 0x00, 0x00, 0x00, 0x00, 0x00, 0x00,
    0x00, 0x00, 0x00, 0x00, 0x00, 0x00, 0x00, 0x00, 0x00, 0x00, 0x00, 0x00,
    0x00, 0x00, 0x00, 0x00, 0x00, 0x00, 0x00, 0x00, 0x00, 0x00, 0x00, 0x00,
    0x00, 0x00, 0x00, 0x00, 0x00, 0x00, 0x00, 0x00, 0x00, 0x00, 0x00, 0x00,
    0x00, 0x00, 0x00, 0x00, 0x00, 0x00, 0x00, 0x00, 0x00, 0x00, 0x00, 0x00,
    0x00, 0x00, 0x00, 0x00, 0x00, 0x00, 0x00, 0x00, 0x00, 0x00, 0x00, 0x00,
    0x00, 0x00, 0x00, 0x00, 0x00, 0x00, 0x00, 0x00, 0x00, 0x00, 0x00, 0x00,
    0x00, 0x00, 0x00, 0x00, 0x00, 0x00, 0x00, 0x00, 0x00, 0x00, 0x00, 0x00,
    0x00, 0x00, 0x00, 0x00, 0x00, 0x00, 0x00, 0x00, 0x00, 0x00, 0x00, 0x00,
    0x00, 0x00, 0x00, 0x00, 0x00, 0x00, 0x00, 0x00, 0x00, 0x00, 0x00, 0x00,
    0x00, 0x00, 0x00, 0x00, 0x00, 0x00, 0x00, 0x00, 0x00, 0x00, 0x00, 0x00,
    0x00, 0x00, 0x00, 0x00, 0x00, 0x00, 0x00, 0x00, 0x00, 0x00, 0x00, 0x00,
    0x00, 0x00, 0x00, 0x00, 0x00, 0x00, 0x00, 0x00, 0x00, 0x00, 0x00, 0x00,
    0x00, 0x00, 0x00, 0x00, 0x00, 0x00, 0x00, 0x00, 0x00, 0x00, 0x00, 0x00,
    0x00, 0x00, 0x00, 0x00, 0x00, 0x00, 0x00, 0x00, 0x00, 0x00, 0x00, 0x00,
    0x00, 0x00, 0x00, 0x00, 0x00, 0x00, 0x00, 0x00, 0x00, 0x00, 0x00, 0x00,
    0x00, 0x00, 0x00, 0x00, 0x00, 0x00, 0x00, 0x00, 0x00, 0x00, 0x00, 0x00,
    0x00, 0x00, 0x00, 0x00, 0x00, 0x00, 0x00, 0x00, 0x00, 0x00, 0x00, 0x00,
    0x00, 0x00, 0x00, 0x00, 0x00, 0x00, 0x00, 0x00, 0x00, 0x00, 0x00, 0x00,
    0x00, 0x00, 0x00, 0x00, 0x00, 0x00, 0x00, 0x00, 0x00, 0x00, 0x00, 0x00,
    0x00, 0x00, 0x00, 0x00, 0x00, 0x00, 0x00, 0x00, 0x00, 0x00, 0x00, 0x00,
    0x00, 0x00, 0x00, 0x00, 0x00, 0x00, 0x00, 0x00, 0x00, 0x00, 0x00, 0x00,
    0x00, 0x00, 0x00, 0x00, 0x00, 0x00, 0x00, 0x00, 0x00, 0x00, 0x00, 0x00,
    0x00, 0x00, 0x00, 0x00, 0x00, 0x00, 0x00, 0x00, 0x00, 0x00, 0x00, 0x00,
    0x00, 0x00, 0x00, 0x00, 0x00, 0x00, 0x00, 0x00, 0x00, 0x00, 0x00, 0x00,
    0x00, 0x00, 0x00, 0x00, 0x00, 0x00, 0x00, 0x00, 0x00, 0x00, 0x00, 0x00,
    0x00, 0x00, 0x00, 0x00, 0x00, 0x00, 0x00, 0x00, 0x00, 0x00, 0x00, 0x00,
    0x00, 0x00, 0x00, 0x00, 0x00, 0x00, 0x00, 0x00, 0x00, 0x00, 0x00, 0x00,
    0x00, 0x00, 0x00, 0x00, 0x00, 0x00, 0x00, 0x00, 0x00, 0x00, 0x00, 0x00,
    0x00, 0x00, 0x00, 0x00, 0x00, 0x00, 0x00, 0x00, 0x00, 0x00, 0x00, 0x00,
    0x00, 0x00, 0x00, 0x00, 0x00, 0x00, 0x00, 0x00, 0x00, 0x00, 0x00, 0x00,
    0x00, 0x00, 0x00, 0x00, 0x00, 0x00, 0x00, 0x00, 0x00, 0x00, 0x00, 0x00,
    0x00, 0x00, 0x00, 0x00, 0x00, 0x00, 0x00, 0x00, 0x00, 0x00, 0x00, 0x00,
    0x00, 0x00, 0x00, 0x00, 0x00, 0x00, 0x00, 0x00, 0x00, 0x00, 0x00, 0x00,
    0x00, 0x00, 0x00, 0x00, 0x00, 0x00, 0x00, 0x00, 0x00, 0x00, 0x00, 0x00,
    0x00, 0x00, 0x00, 0x00, 0x00, 0x00, 0x00, 0x00, 0x00, 0x00, 0x00, 0x00,
    0x00, 0x00, 0x00, 0x00, 0x00, 0x00, 0x00, 0x00, 0x00, 0x00, 0x00, 0x00,
    0x00, 0x00, 0x00, 0x00, 0x00, 0x00, 0x00, 0x00, 0x00, 0x00, 0x00, 0x00,
    0x00, 0x00, 0x00, 0x00, 0x00, 0x00, 0x00, 0x00, 0x00, 0x00, 0x00, 0x00,
    0x00, 0x00, 0x00, 0x00, 0x00, 0x00, 0x00, 0x00, 0x00, 0x00, 0x00, 0x00,
    0x00, 0x00, 0x00, 0x00, 0x00, 0x00, 0x00, 0x00, 0x00, 0x00, 0x00, 0x00,
    0x00, 0x00, 0x00, 0x00, 0x00, 0x00, 0x00, 0x00, 0x00, 0x00, 0x00, 0x00,
    0x00, 0x00, 0x00, 0x00, 0x00, 0x00, 0x00, 0x00, 0x00, 0x00, 0x00, 0x00,
    0x00, 0x00, 0x00, 0x00, 0x00, 0x00, 0x00, 0x00, 0x00, 0x00, 0x00, 0x00,
    0x00, 0x00, 0x00, 0x00, 0x00, 0x00, 0x00, 0x00, 0x00, 0x00, 0x00, 0x00,
    0x00, 0x00, 0x00, 0x00, 0x00, 0x00, 0x00, 0x00, 0x00, 0x00, 0x00, 0x00,
    0x00, 0x00, 0x00, 0x00, 0x00, 0x00, 0x00, 0x00, 0x00, 0x00, 0x00, 0x00,
    0x00, 0x00, 0x00, 0x00, 0x00, 0x00, 0x00, 0x00, 0x00, 0x00, 0x00, 0x00,
    0x00, 0x00, 0x00, 0x00, 0x00, 0x00, 0x00, 0x00, 0x00, 0x00, 0x00, 0x00,
    0x00, 0x00, 0x00, 0x00, 0x00, 0x00, 0x00, 0x00, 0x00, 0x00, 0x00, 0x00,
    0x00, 0x00, 0x00, 0x00, 0x00, 0x00, 0x00, 0x00, 0x00, 0x00, 0x00, 0x00,
    0x00, 0x00, 0x00, 0x00, 0x00, 0x00, 0x00, 0x00, 0x00, 0x00, 0x00, 0x00,
    0x00, 0x00, 0x00, 0x00, 0x00, 0x00, 0x00, 0x00, 0x00, 0x00, 0x00, 0x00,
    0x00, 0x00, 0x00, 0x00, 0x00, 0x00, 0x00, 0x00, 0x00, 0x00, 0x00, 0x00,
    0x00, 0x00, 0x00, 0x00, 0x00, 0x00, 0x00, 0x00, 0x00, 0x00, 0x00, 0x00,
    0x00, 0x00, 0x00, 0x00, 0x00, 0x00, 0x00, 0x00, 0x00, 0x00, 0x00, 0x00,
    0x00, 0x00, 0x00, 0x00, 0x00, 0x00, 0x00, 0x00, 0x00, 0x00, 0x00, 0x00,
    0x00, 0x00, 0x00, 0x00, 0x00, 0x00, 0x00, 0x00, 0x00, 0x00, 0x00, 0x00,
    0x00, 0x00, 0x00, 0x00, 0x00, 0x00, 0x00, 0x00, 0x00, 0x00, 0x00, 0x00,
    0x00, 0x00, 0x00, 0x00, 0x00, 0x00, 0x00, 0x00, 0x00, 0x00, 0x00, 0x00,
    0x00, 0x00, 0x00, 0x00, 0x00, 0x00, 0x00, 0x00, 0x00, 0x00, 0x00, 0x00,
    0x00, 0x00, 0x00, 0x00, 0x00, 0x00, 0x00, 0x00, 0x00, 0x00, 0x00, 0x00,
    0x00, 0x00, 0x00, 0x00, 0x00, 0x00, 0x00, 0x00, 0x00, 0x00, 0x00, 0x00,
    0x00, 0x00, 0x00, 0x00, 0x00, 0x00, 0x00, 0x00, 0x00, 0x00, 0x00, 0x00,
    0x00, 0x00, 0x00, 0x00, 0x00, 0x00, 0x00, 0x00, 0x00, 0x00, 0x00, 0x00,
    0x00, 0x00, 0x00, 0x00, 0x00, 0x00, 0x00, 0x00, 0x00, 0x00, 0x00, 0x00,
    0x00, 0x00, 0x00, 0x00, 0x00, 0x00, 0x00, 0x00, 0x00, 0x00, 0x00, 0x00,
    0x00, 0x00, 0x00, 0x00, 0x00, 0x00, 0x00, 0x00, 0x00, 0x00, 0x00, 0x00,
    0x00, 0x00, 0x00, 0x00, 0x00, 0x00, 0x00, 0x00, 0x00, 0x00, 0x00, 0x00,
    0x00, 0x00, 0x00, 0x00, 0x00, 0x00, 0x00, 0x00, 0x00, 0x00, 0x00, 0x00,
    0x00, 0x00, 0x00, 0x00, 0x00, 0x00, 0x00, 0x00, 0x00, 0x00, 0x00, 0x00,
    0x00, 0x00, 0x00, 0x00, 0x00, 0x00, 0x00, 0x00, 0x00, 0x00, 0x00, 0x00,
    0x00, 0x00, 0x00, 0x00, 0x00, 0x00, 0x00, 0x00, 0x00, 0x00, 0x00, 0x00,
    0x00, 0x00, 0x00, 0x00, 0x00, 0x00, 0x00, 0x00, 0x00, 0x00, 0x00, 0x00,
    0x00, 0x00, 0x00, 0x00, 0x00, 0x00, 0x00, 0x00, 0x00, 0x00, 0x00, 0x00,
    0x00, 0x00, 0x00, 0x00, 0x00, 0x00, 0x00, 0x00, 0x00, 0x00, 0x00, 0x00,
    0x00, 0x00, 0x00, 0x00, 0x00, 0x00, 0x00, 0x00, 0x00, 0x00, 0x00, 0x00,
    0x00, 0x00, 0x00, 0x00, 0x00, 0x00, 0x00, 0x00, 0x00, 0x00, 0x00, 0x00,
    0x00, 0x00, 0x00, 0x00, 0x00, 0x00, 0x00, 0x00, 0x00, 0x00, 0x00, 0x00,
    0x00, 0x00, 0x00, 0x00, 0x00, 0x00, 0x00, 0x00, 0x00, 0x00, 0x00, 0x00,
    0x00, 0x00, 0x00, 0x00, 0x00, 0x00, 0x00, 0x00, 0x00, 0x00, 0x00, 0x00,
    0x00, 0x00, 0x00, 0x00, 0x00, 0x00, 0x00, 0x00, 0x00, 0x00, 0x00, 0x00,
    0x00, 0x00, 0x00, 0x00, 0x00, 0x00, 0x00, 0x00, 0x00, 0x00, 0x00, 0x00,
    0x00, 0x00, 0x00, 0x00, 0x00, 0x00, 0x00, 0x00, 0x00, 0x00, 0x00, 0x00,
    0x00, 0x00, 0x00, 0x00, 0x00, 0x00, 0x00, 0x00, 0x00, 0x00, 0x00, 0x00,
    0x00, 0x00, 0x00, 0x00, 0x00, 0x00, 0x00, 0x00, 0x00, 0x00, 0x00, 0x00,
    0x00, 0x00, 0x00, 0x00, 0x00, 0x00, 0x00, 0x00, 0x00, 0x00, 0x00, 0x00,
    0x00, 0x00, 0x00, 0x00, 0x00, 0x00, 0x00, 0x00, 0x00, 0x00, 0x00, 0x00,
    0x00, 0x00, 0x00, 0x00, 0x00, 0x00, 0x00, 0x00, 0x00, 0x00, 0x00, 0x00,
    0x00, 0x00, 0x00, 0x00, 0x00, 0x00, 0x00, 0x00, 0x00, 0x00, 0x00, 0x00,
    0x00, 0x00, 0x00, 0x00, 0x00, 0x00, 0x00, 0x00, 0x00, 0x00, 0x00, 0x00,
    0x00, 0x00, 0x00, 0x00, 0x00, 0x00, 0x00, 0x00, 0x00, 0x00, 0x00, 0x00,
    0x00, 0x00, 0x00, 0x00, 0x00, 0x00, 0x00, 0x00, 0x00, 0x00, 0x00, 0x00,
    0x00, 0x00, 0x00, 0x00, 0x00, 0x00, 0x00, 0x00, 0x00, 0x00, 0x00, 0x00,
    0x00, 0x00, 0x00, 0x00, 0x00, 0x00, 0x00, 0x00, 0x00, 0x00, 0x00, 0x00,
    0x00, 0x00, 0x00, 0x00, 0x00, 0x00, 0x00, 0x00, 0x00, 0x00, 0x00, 0x00,
    0x00, 0x00, 0x00, 0x00, 0x00, 0x00, 0x00, 0x00, 0x00, 0x00, 0x00, 0x00,
    0x00, 0x00, 0x00, 0x00, 0x00, 0x00, 0x00, 0x00, 0x00, 0x00, 0x00, 0x00,
    0x00, 0x00, 0x00, 0x00, 0x00, 0x00, 0x00, 0x00, 0x00, 0x00, 0x00, 0x00,
    0x00, 0x00, 0x00, 0x00, 0x00, 0x00, 0x00, 0x00, 0x00, 0x00, 0x00, 0x00,
    0x00, 0x00, 0x00, 0x00, 0x00, 0x00, 0x00, 0x00, 0x00, 0x00, 0x00, 0x00,
    0x00, 0x00, 0x00, 0x00, 0x00, 0x00, 0x00, 0x00, 0x00, 0x00, 0x00, 0x00,
    0x00, 0x00, 0x00, 0x00, 0x00, 0x00, 0x00, 0x00, 0x00, 0x00, 0x00, 0x00,
    0x00, 0x00, 0x00, 0x00, 0x00, 0x00, 0x00, 0x00, 0x00, 0x00, 0x00, 0x00,
    0x00, 0x00, 0x00, 0x00, 0x00, 0x00, 0x00, 0x00, 0x00, 0x00, 0x00, 0x00,
    0x00, 0x00, 0x00, 0x00, 0x00, 0x00, 0x00, 0x00, 0x00, 0x00, 0x00, 0x00,
    0x00, 0x00, 0x00, 0x00, 0x00, 0x00, 0x00, 0x00, 0x00, 0x00, 0x00, 0x00,
    0x00, 0x00, 0x00, 0x00, 0x00, 0x00, 0x00, 0x00, 0x00, 0x00, 0x00, 0x00,
    0x00, 0x00, 0x00, 0x00, 0x00, 0x00, 0x00, 0x00, 0x00, 0x00, 0x00, 0x00,
    0x00, 0x00, 0x00, 0x00, 0x00, 0x00, 0x00, 0x00, 0x00, 0x00, 0x00, 0x00,
    0x00, 0x00, 0x00, 0x00, 0x00, 0x00, 0x00, 0x00, 0x00, 0x00, 0x00, 0x00,
    0x00, 0x00, 0x00, 0x00, 0x00, 0x00, 0x00, 0x00, 0x00, 0x00, 0x00, 0x00,
    0x00, 0x00, 0x00, 0x00, 0x00, 0x00, 0x00, 0x00, 0x00, 0x00, 0x00, 0x00,
    0x00, 0x00, 0x00, 0x00, 0x00, 0x00, 0x00, 0x00, 0x00, 0x00, 0x00, 0x00,
    0x00, 0x00, 0x00, 0x00, 0x00, 0x00, 0x00, 0x00, 0x00, 0x00, 0x00, 0x00,
    0x00, 0x00, 0x00, 0x00, 0x00, 0x00, 0x00, 0x00, 0x00, 0x00, 0x00, 0x00,
    0x00, 0x00, 0x00, 0x00, 0x00, 0x00, 0x00, 0x00, 0x00, 0x00, 0x00, 0x00,
    0x00, 0x00, 0x00, 0x00, 0x00, 0x00, 0x00, 0x00, 0x00, 0x00, 0x00, 0x00,
    0x00, 0x00, 0x00, 0x00, 0x00, 0x00, 0x00, 0x00, 0x00, 0x00, 0x00, 0x00,
    0x00, 0x00, 0x00, 0x00, 0x00, 0x00, 0x00, 0x00, 0x00, 0x00, 0x00, 0x00,
    0x00, 0x00, 0x00, 0x00, 0x00, 0x00, 0x00, 0x00, 0x00, 0x00, 0x00, 0x00,
    0x00, 0x00, 0x00, 0x00, 0x00, 0x00, 0x00, 0x00, 0x00, 0x00, 0x00, 0x00,
    0x00, 0x00, 0x00, 0x00, 0x00, 0x00, 0x00, 0x00, 0x00, 0x00, 0x00, 0x00,
    0x00, 0x00, 0x00, 0x00 
};

void InitFontGlyphs()
{
    g_FontGlyphs[0] = { 0, 0, 0, 0 };
    g_FontGlyphs[1] = { 0, 0, 0, 0 };
    g_FontGlyphs[2] = { 0, 0, 0, 0 };
    g_FontGlyphs[3] = { 0, 0, 0, 0 };
    g_FontGlyphs[4] = { 0, 0, 0, 0 };
    g_FontGlyphs[5] = { 0, 0, 0, 0 };
    g_FontGlyphs[6] = { 0, 0, 0, 0 };
    g_FontGlyphs[7] = { 0, 0, 0, 0 };
    g_FontGlyphs[8] = { 0, 0, 0, 0 };
    g_FontGlyphs[9] = { 0, 0, 0, 0 };
    g_FontGlyphs[10] = { 0, 0, 0, 0 };
    g_FontGlyphs[11] = { 0, 0, 0, 0 };
    g_FontGlyphs[12] = { 0, 0, 0, 0 };
    g_FontGlyphs[13] = { 0, 0, 0, 0 };
    g_FontGlyphs[14] = { 0, 0, 0, 0 };
    g_FontGlyphs[15] = { 0, 0, 0, 0 };
    g_FontGlyphs[16] = { 0, 0, 0, 0 };
    g_FontGlyphs[17] = { 0, 0, 0, 0 };
    g_FontGlyphs[18] = { 0, 0, 0, 0 };
    g_FontGlyphs[19] = { 0, 0, 0, 0 };
    g_FontGlyphs[20] = { 0, 0, 0, 0 };
    g_FontGlyphs[21] = { 0, 0, 0, 0 };
    g_FontGlyphs[22] = { 0, 0, 0, 0 };
    g_FontGlyphs[23] = { 0, 0, 0, 0 };
    g_FontGlyphs[24] = { 0, 0, 0, 0 };
    g_FontGlyphs[25] = { 0, 0, 0, 0 };
    g_FontGlyphs[26] = { 0, 0, 0, 0 };
    g_FontGlyphs[27] = { 0, 0, 0, 0 };
    g_FontGlyphs[28] = { 0, 0, 0, 0 };
    g_FontGlyphs[29] = { 0, 0, 0, 0 };
    g_FontGlyphs[30] = { 0, 0, 0, 0 };
    g_FontGlyphs[31] = { 0, 0, 0, 0 };
    g_FontGlyphs[32] = { 84, 68, 2, 17 };
    g_FontGlyphs[33] = { 39, 68, 3, 17 };
    g_FontGlyphs[34] = { 114, 51, 5, 17 };
    g_FontGlyphs[35] = { 34, 17, 7, 17 };
    g_FontGlyphs[36] = { 28, 34, 6, 17 };
    g_FontGlyphs[37] = { 58, 0, 9, 17 };
    g_FontGlyphs[38] = { 103, 0, 8, 17 };
    g_FontGlyphs[39] = { 86, 68, 2, 17 };
    g_FontGlyphs[40] = { 42, 68, 3, 17 };
    g_FontGlyphs[41] = { 45, 68, 3, 17 };
    g_FontGlyphs[42] = { 34, 34, 6, 17 };
    g_FontGlyphs[43] = { 40, 34, 6, 17 };
    g_FontGlyphs[44] = { 48, 68, 3, 17 };
    g_FontGlyphs[45] = { 51, 68, 3, 17 };
    g_FontGlyphs[46] = { 54, 68, 3, 17 };
    g_FontGlyphs[47] = { 124, 34, 4, 17 };
    g_FontGlyphs[48] = { 46, 34, 6, 17 };
    g_FontGlyphs[49] = { 52, 34, 6, 17 };
    g_FontGlyphs[50] = { 58, 34, 6, 17 };
    g_FontGlyphs[51] = { 64, 34, 6, 17 };
    g_FontGlyphs[52] = { 70, 34, 6, 17 };
    g_FontGlyphs[53] = { 76, 34, 6, 17 };
    g_FontGlyphs[54] = { 82, 34, 6, 17 };
    g_FontGlyphs[55] = { 88, 34, 6, 17 };
    g_FontGlyphs[56] = { 94, 34, 6, 17 };
    g_FontGlyphs[57] = { 100, 34, 6, 17 };
    g_FontGlyphs[58] = { 57, 68, 3, 17 };
    g_FontGlyphs[59] = { 60, 68, 3, 17 };
    g_FontGlyphs[60] = { 106, 34, 6, 17 };
    g_FontGlyphs[61] = { 112, 34, 6, 17 };
    g_FontGlyphs[62] = { 118, 34, 6, 17 };
    g_FontGlyphs[63] = { 119, 51, 5, 17 };
    g_FontGlyphs[64] = { 18, 0, 10, 17 };
    g_FontGlyphs[65] = { 41, 17, 7, 17 };
    g_FontGlyphs[66] = { 48, 17, 7, 17 };
    g_FontGlyphs[67] = { 55, 17, 7, 17 };
    g_FontGlyphs[68] = { 111, 0, 8, 17 };
    g_FontGlyphs[69] = { 0, 35, 6, 17 };
    g_FontGlyphs[70] = { 6, 35, 6, 17 };
    g_FontGlyphs[71] = { 119, 0, 8, 17 };
    g_FontGlyphs[72] = { 18, 17, 8, 17 };
    g_FontGlyphs[73] = { 63, 68, 3, 17 };
    g_FontGlyphs[74] = { 66, 68, 3, 17 };
    g_FontGlyphs[75] = { 62, 17, 7, 17 };
    g_FontGlyphs[76] = { 12, 51, 6, 17 };
    g_FontGlyphs[77] = { 28, 0, 10, 17 };
    g_FontGlyphs[78] = { 67, 0, 9, 17 };
    g_FontGlyphs[79] = { 76, 0, 9, 17 };
    g_FontGlyphs[80] = { 69, 17, 7, 17 };
    g_FontGlyphs[81] = { 85, 0, 9, 17 };
    g_FontGlyphs[82] = { 76, 17, 7, 17 };
    g_FontGlyphs[83] = { 18, 51, 6, 17 };
    g_FontGlyphs[84] = { 24, 51, 6, 17 };
    g_FontGlyphs[85] = { 26, 17, 8, 17 };
    g_FontGlyphs[86] = { 83, 17, 7, 17 };
    g_FontGlyphs[87] = { 38, 0, 10, 17 };
    g_FontGlyphs[88] = { 90, 17, 7, 17 };
    g_FontGlyphs[89] = { 30, 51, 6, 17 };
    g_FontGlyphs[90] = { 36, 51, 6, 17 };
    g_FontGlyphs[91] = { 69, 68, 3, 17 };
    g_FontGlyphs[92] = { 124, 51, 4, 17 };
    g_FontGlyphs[93] = { 72, 68, 3, 17 };
    g_FontGlyphs[94] = { 42, 51, 6, 17 };
    g_FontGlyphs[95] = { 15, 68, 4, 17 };
    g_FontGlyphs[96] = { 48, 51, 6, 17 };
    g_FontGlyphs[97] = { 54, 51, 6, 17 };
    g_FontGlyphs[98] = { 97, 17, 7, 17 };
    g_FontGlyphs[99] = { 0, 52, 5, 17 };
    g_FontGlyphs[100] = { 104, 17, 7, 17 };
    g_FontGlyphs[101] = { 60, 51, 6, 17 };
    g_FontGlyphs[102] = { 19, 68, 4, 17 };
    g_FontGlyphs[103] = { 66, 51, 6, 17 };
    g_FontGlyphs[104] = { 111, 17, 7, 17 };
    g_FontGlyphs[105] = { 75, 68, 3, 17 };
    g_FontGlyphs[106] = { 78, 68, 3, 17 };
    g_FontGlyphs[107] = { 72, 51, 6, 17 };
    g_FontGlyphs[108] = { 81, 68, 3, 17 };
    g_FontGlyphs[109] = { 48, 0, 10, 17 };
    g_FontGlyphs[110] = { 118, 17, 7, 17 };
    g_FontGlyphs[111] = { 0, 18, 7, 17 };
    g_FontGlyphs[112] = { 7, 18, 7, 17 };
    g_FontGlyphs[113] = { 14, 34, 7, 17 };
    g_FontGlyphs[114] = { 23, 68, 4, 17 };
    g_FontGlyphs[115] = { 5, 52, 5, 17 };
    g_FontGlyphs[116] = { 27, 68, 4, 17 };
    g_FontGlyphs[117] = { 21, 34, 7, 17 };
    g_FontGlyphs[118] = { 78, 51, 6, 17 };
    g_FontGlyphs[119] = { 94, 0, 9, 17 };
    g_FontGlyphs[120] = { 84, 51, 6, 17 };
    g_FontGlyphs[121] = { 90, 51, 6, 17 };
    g_FontGlyphs[122] = { 10, 68, 5, 17 };
    g_FontGlyphs[123] = { 31, 68, 4, 17 };
    g_FontGlyphs[124] = { 96, 51, 6, 17 };
    g_FontGlyphs[125] = { 35, 68, 4, 17 };
    g_FontGlyphs[126] = { 102, 51, 6, 17 };
    g_FontGlyphs[127] = { 108, 51, 6, 17 };
}
